Time_s,Simulated_Altitude_AGL_m,Raw_Barometer_Altitude_AGL_m,Filtered_Altitude_AGL_m,Simulated_Velocity_ms,Filtered_Velocity_ms,Deployment_Level,Predicted_Apogee_AGL_m,Motor_Burning,Control_Active,Target_Apogee_AGL_m,Environment_Elevation_m,Apogee_Prediction_Cd,Altitude_Error_m,Velocity_Error_ms,Apogee_Error_m,Flight_Altitude_AGL_m,Flight_Velocity_Total_ms,Flight_Acceleration_ms2,Flight_Mach_Number,Flight_Dynamic_Pressure_Pa
0.0,0.0,0.0,0.0,0.0,0.0,0.0,0.0,True,False,229,200,0.8,0.0,0.0,-229.0,0.0,0.0,0.0,0.0,0.0
0.0,0.0,0.0,0.0,0.0,0.0,0.0,0.0,True,False,229,200,0.8,0.0,0.0,-229.0,0.0,0.0,0.0,0.0,0.0
0.05,0.10004238020280809,0.10226864718746564,0.09244289845408965,4.428176594411923,1.673243161929958,0.0,0.23509840689453226,True,False,229,200,0.8,0.00759948174871844,2.754933432481965,-228.76490159310546,0.10004238020280809,4.44509150961583,97.78775752360053,0.013094104740859785,11.875410837820409
0.05,0.10004238020280809,0.10226864718746564,0.09711776411555977,4.428176594411923,1.7575392982828386,0.0,0.2545041033578507,True,False,229,200,0.8,0.0029246160872483246,2.670637296129084,-228.74549589664215,0.10004238020280809,4.44509150961583,97.78775752360053,0.013094104740859785,11.875410837820409
0.1,0.4425005901636325,0.44317138835245684,0.43072240118689487,9.26284023429481,6.548160915603381,0.0,2.6061625610616126,True,False,229,200,0.8,0.011778188976737658,2.714679318691429,-226.3938374389384,0.4425005901636325,9.298222779179799,96.32709526909211,0.027390303845300213,51.96044909851084
0.1,0.4425005901636325,0.44317138835245684,0.4368068506241157,9.26284023429481,6.665834796029978,0.0,2.6907635824179215,True,False,229,200,0.8,0.005693739539516851,2.5970054382648318,-226.30923641758207,0.4425005901636325,9.298222779179799,96.32709526909211,0.027390303845300213,51.96044909851084
0.15000000000000002,1.0249557904050164,1.0227316501882044,1.0109935228200209,14.02240989176766,11.519414897439844,0.0,7.679738805749622,True,False,229,200,0.8,0.013962267584995525,2.502994994327816,-221.32026119425038,1.0249557904050164,14.07597321952044,94.76663838058089,0.04146468712924563,119.07090699178673
0.15000000000000002,1.0249557904050164,1.0227316501882044,1.016736117294199,14.02240989176766,11.631982649437798,0.0,7.814593577433832,True,False,229,200,0.8,0.008219673110817283,2.390427242329862,-221.18540642256616,1.0249557904050164,14.07597321952044,94.76663838058089,0.04146468712924563,119.07090699178673
0.2,1.8434060461085267,1.8409892646391324,1.8304545082154555,18.70185624464214,16.542792418821566,0.0,15.384063854477636,True,False,229,200,0.8,0.01295153789307113,2.1590638258205743,-213.61593614552237,1.8434060461085267,18.773294297255713,93.11063284504776,0.05530249774199034,211.78527557625156
0.2,1.8434060461085267,1.8409892646391324,1.8356156771122027,18.70185624464214,16.64537668967067,0.0,15.553059714142202,True,False,229,200,0.8,0.007790368996323904,2.056479554971471,-213.4469402858578,1.8434060461085267,18.773294297255713,93.11063284504776,0.05530249774199034,211.78527557625156
0.25,2.893265425374466,2.898000479068922,2.8887699169043093,23.267755104745227,21.589930515556798,0.0,25.53083728145288,True,False,229,200,0.8,0.004495508470156562,1.677824589188429,-203.46916271854712,2.893265425374466,23.356634149243746,90.16238181751261,0.06880500472881793,327.78695712731917
0.25,2.893265425374466,2.898000479068922,2.893298530652607,23.267755104745227,21.68083808708372,0.0,25.71753875625973,True,False,229,200,0.8,3.310527814104347e-05,1.5869170176615057,-203.28246124374027,2.893265425374466,23.356634149243746,90.16238181751261,0.06880500472881793,327.78695712731917
0.30000000000000004,4.167586033007893,4.159734918890141,4.153296854047221,27.67881773776058,25.97350796179235,0.0,36.2634764212829,True,False,229,200,0.8,0.014289178960672722,1.705309775968228,-192.73652357871708,4.167586033007893,27.787978150934933,87.08063455024383,0.08186031488444065,463.9082344493267
0.30000000000000004,4.167586033007893,4.159734918890141,4.156462454160816,27.67881773776058,26.03738730645123,0.0,36.41449983112044,True,False,229,200,0.8,0.011123578847077376,1.6414304313093488,-192.58550016887955,4.167586033007893,27.787978150934933,87.08063455024383,0.08186031488444065,463.9082344493267
0.35000000000000003,5.658561454189169,5.643320883262859,5.637276236120594,31.933937188168336,30.594859447828323,0.0,49.10875017066257,True,False,229,200,0.8,0.02128521806857453,1.339077740340013,-179.89124982933743,5.658561454189169,32.06307202871338,83.91583827992783,0.09445597206871963,617.5419465690545
0.35000000000000003,5.658561454189169,5.643320883262859,5.64025254541519,31.933937188168336,30.655169188704477,0.0,49.26843002876069,True,False,229,200,0.8,0.01830890877397895,1.2787679994638594,-179.7315699712393,5.658561454189169,32.06307202871338,83.91583827992783,0.09445597206871963,617.5419465690545
0.4,7.358323075001664,7.348853157104549,7.343687547450194,36.02967292020498,35.2460905141737,0.0,63.467230100233195,True,False,229,200,0.8,0.01463552755147024,0.7835824060312788,-165.5327698997668,7.358323075001664,36.17815923530644,80.6807516733204,0.10658097346728211,786.1011992600269
0.4,7.358323075001664,7.348853157104549,7.346236268044385,36.02967292020498,35.29778549508077,0.0,63.61644937579026,True,False,229,200,0.8,0.012086806957278817,0.7318874251242136,-165.38355062420973,7.358323075001664,36.17815923530644,80.6807516733204,0.10658097346728211,786.1011992600269
0.45,9.258816478432436,9.24232105512254,9.23947790320613,39.96268536267004,39.19565153098309,0.0,76.90625006543476,True,False,229,200,0.8,0.019338575226306887,0.7670338316869447,-152.09374993456524,9.258816478432436,40.12992918517584,77.38406998410892,0.1182256171551647,967.0374177631743
0.45,9.258816478432436,9.24232105512254,9.24089104344117,39.96268536267004,39.22402126980973,0.0,76.99290301861706,True,False,229,200,0.8,0.017925434991266087,0.7386640928603043,-152.00709698138294,9.258816478432436,40.12992918517584,77.38406998410892,0.1182256171551647,967.0374177631743
0.5,11.351830311549037,11.32382704617051,11.321619285971828,43.73003292513104,43.04220376113193,0.0,90.81113128883311,True,False,229,200,0.8,0.030211025577209227,0.6878291639991119,-138.1888687111669,11.351830311549037,43.91550750943464,74.034430298532,0.1293814736513929,1157.8578512097085
0.5,11.351830311549037,11.32382704617051,11.32272316494081,43.73003292513104,43.064168994157995,0.0,90.88118086640476,True,False,229,200,0.8,0.029107146608227552,0.6658639309730461,-138.11881913359525,11.351830311549037,43.91550750943464,74.034430298532,0.1293814736513929,1157.8578512097085
0.55,13.628973832795793,13.593483833716435,13.591636014681626,47.32605082270761,46.88472902315591,0.0,105.35618492119104,True,False,229,200,0.8,0.037337818114167476,0.4413217995516945,-123.64381507880896,13.628973832795793,47.5293148503237,70.48178425906053,0.14003213149359256,1355.9628816834647
0.55,13.628973832795793,13.593483833716435,13.592565529401108,47.32605082270761,46.90304245871013,0.0,105.4165699192168,True,False,229,200,0.8,0.03640830339468515,0.4230083639974751,-123.5834300807832,13.628973832795793,47.5293148503237,70.48178425906053,0.14003213149359256,1355.9628816834647
0.6000000000000001,16.081428588268466,16.034343416199135,16.033530624903555,50.74190411801731,50.37981003573227,0.0,119.28455861372345,True,False,229,200,0.8,0.04789796336491037,0.36209408228504003,-109.71544138627655,16.081428588268466,50.96260429285659,66.84910698535315,0.15015183291916398,1558.5683848514086
0.6000000000000001,16.081428588268466,16.034343416199135,16.033954678816052,50.74190411801731,50.387607489677926,0.0,119.31089783725352,True,False,229,200,0.8,0.04747390945241392,0.3542966283393838,-109.68910216274648,16.081428588268466,50.96260429285659,66.84910698535315,0.15015183291916398,1558.5683848514086
0.65,18.700128278082587,18.646526105579294,18.64592559010631,53.97560922555836,53.82813389154176,0.0,133.4630056010325,True,False,229,200,0.8,0.054202687976278696,0.14747533401659751,-95.5369943989675,18.700128278082587,54.2135039915805,63.18960979061414,0.1597350623172068,1763.3096660315052
0.65,18.700128278082587,18.646526105579294,18.646247370823502,53.97560922555836,53.83374757400242,0.0,133.4823130611394,True,False,229,200,0.8,0.05388090725908512,0.141861651555935,-95.5176869388606,18.700128278082587,54.2135039915805,63.18960979061414,0.1597350623172068,1763.3096660315052
0.7000000000000001,21.47593278956009,21.430160743597956,21.42965098239971,57.02592330603569,57.27891659584266,0.0,147.99559028082052,True,False,229,200,0.8,0.046281807160379884,0.252993289806966,-81.00440971917948,21.47593278956009,57.28086121226295,59.51138701415536,0.1687784113248587,1967.9639345083754
0.7000000000000001,21.47593278956009,21.430160743597956,21.429930045642966,57.02592330603569,57.283576843842305,0.0,148.01183051880716,True,False,229,200,0.8,0.04600274391712489,0.25765353780661115,-80.98816948119284,21.47593278956009,57.28086121226295,59.51138701415536,0.1687784113248587,1967.9639345083754
0.75,24.39964107906019,24.351215493991237,24.352221769930043,59.890709769717404,60.04943953471965,0.0,160.44275324587792,True,False,229,200,0.8,0.04741930913014514,0.15872976500224922,-68.55724675412208,24.39964107906019,60.162579029598966,55.6452125457287,0.17727567856914225,2170.347021485241
0.75,24.39964107906019,24.351215493991237,24.35175915136165,59.890709769717404,60.03867001319121,0.0,160.40514359967096,True,False,229,200,0.8,0.04788192769853694,0.1479602434738041,-68.59485640032904,24.39964107906019,60.162579029598966,55.6452125457287,0.17727567856914225,2170.347021485241
0.8,27.461431014232176,27.40980587827214,27.410769208515543,62.54347455280123,62.74436876942146,0.0,172.82011687744046,True,False,229,200,0.8,0.05066180571663281,0.20089421662023454,-56.179883122559545,27.461431014232176,62.832027003451564,51.150718620882095,0.18514835728188112,2366.523783102981
0.8,27.461431014232176,27.40980587827214,27.410329008718147,62.54347455280123,62.734004500379456,0.0,172.78376163173078,True,False,229,200,0.8,0.05110200551402855,0.19052994757822717,-56.21623836826922,27.461431014232176,62.832027003451564,51.150718620882095,0.18514835728188112,2366.523783102981
0.8500000000000001,30.650251093760318,30.62314782009458,30.623191501664298,64.97201617556892,65.79966318771687,0.0,186.63725689200547,True,False,229,200,0.8,0.027059592096019713,0.8276470121479491,-42.36274310799453,30.650251093760318,65.27685348679069,46.6665292220723,0.19235999356024958,2553.4906142501304
0.8500000000000001,30.650251093760318,30.62314782009458,30.623203637267835,64.97201617556892,65.79861224808481,0.0,186.63361681652884,True,False,229,200,0.8,0.027047456492482524,0.8265960725158834,-42.36638318347116,30.650251093760318,65.27685348679069,46.6665292220723,0.19235999356024958,2553.4906142501304
0.9,33.95490963324252,33.94008332190209,33.94218391848463,67.1771916798378,67.88248720966541,0.0,197.19738071747926,True,False,229,200,0.8,0.012725714757891637,0.7052955298276089,-31.802619282520737,33.95490963324252,67.497760810633,42.199979626761234,0.198912586968024,2729.3347868874935
0.9,33.95490963324252,33.94008332190209,33.941188879221045,67.1771916798378,67.86050646680083,0.0,197.1199493616127,True,False,229,200,0.8,0.013720754021477433,0.6833147869630238,-31.880050638387303,33.95490963324252,67.497760810633,42.199979626761234,0.198912586968024,2729.3347868874935
0.9500000000000001,37.36426839674536,37.36071119081976,37.36265404509063,69.16026718765595,69.85083598980768,0.0,207.46219601721896,True,False,229,200,0.8,0.0016143516547302283,0.6905688021517307,-21.537803982781043,37.36426839674536,69.49582300497217,37.75803431695983,0.20480922367187734,2892.366414993609
0.9500000000000001,37.36426839674536,37.36071119081976,37.36173732659499,69.16026718765595,69.83043406804055,0.0,207.39035159163154,True,False,229,200,0.8,0.002531070150368464,0.670166880384599,-21.609648408368457,37.36426839674536,69.49582300497217,37.75803431695983,0.20480922367187734,2892.366414993609
1.0,40.867255353041685,40.86802168420527,40.87029275216604,70.92122355400626,71.50863411529357,0.0,216.73105938826313,True,False,229,200,0.8,0.0030373991243521914,0.5874105612873137,-12.268940611736866,40.867255353041685,71.27081638569143,32.90824118104149,0.21004915754868003,3040.9777628868073
1.0,40.867255353041685,40.86802168420527,40.869215995599994,70.92122355400626,71.48487476785824,0.0,216.6474506131403,True,False,229,200,0.8,0.001960642558309189,0.5636512138519834,-12.352549386859693,40.867255353041685,71.27081638569143,32.90824118104149,0.21004915754868003,3040.9777628868073
1.05,44.450709082526856,44.44498455376279,44.44761918207751,72.33820837372816,72.80772940919204,0.0,224.8188172222128,True,False,229,200,0.8,0.0030899004493463167,0.46952103546387036,-4.1811827777872,44.450709082526856,72.7000990856611,23.58488425470528,0.2142708233027971,3163.0805142747513
1.05,44.450709082526856,44.44498455376279,44.446364878834544,72.33820837372816,72.78025650280411,0.0,224.72222682282464,True,False,229,200,0.8,0.004344203692312476,0.4420481290759426,-4.277773177175362,44.450709082526856,72.7000990856611,23.58488425470528,0.2142708233027971,3163.0805142747513
1.1,48.09254161139975,48.074547743651834,48.07747832868476,73.25394073173884,73.75070356883242,0.0,231.7194735444732,True,False,229,200,0.8,0.015063282714990578,0.49676283709358415,2.719473544473203,48.09254161139975,73.62547658269736,13.773516913185226,0.2170077715113835,3242.9813712027794
1.1,48.09254161139975,48.074547743651834,48.07607943488986,73.25394073173884,73.7202075081636,0.0,231.61234426954363,True,False,229,200,0.8,0.016462176509890014,0.4662667764247601,2.6123442695436268,48.09254161139975,73.62547658269736,13.773516913185226,0.2170077715113835,3242.9813712027794
1.1500000000000001,51.768366142689786,51.73963636474317,51.742807357421896,73.70254053051858,74.34088676743153,0.0,237.43028963810326,True,False,229,200,0.8,0.025558785267890016,0.6383462369129518,8.430289638103261,51.768366142689786,74.0811987375246,4.606051060599085,0.2183607017529311,3282.091770228037
1.1500000000000001,51.768366142689786,51.73963636474317,51.741290922126915,73.70254053051858,74.3079354999076,0.0,237.3146045586988,True,False,229,200,0.8,0.02707522056287104,0.6053949693890246,8.31460455869879,51.768366142689786,74.0811987375246,4.606051060599085,0.2183607017529311,3282.091770228037
1.2000000000000002,55.455195982994525,55.40601629719116,55.410102662658495,73.69527277263221,74.2383561403646,0.0,240.74232551191764,True,False,229,200,0.8,0.04509332033602931,0.5430833677323932,11.742325511917642,55.455195982994525,74.07860917445126,4.647523186433025,0.21836280813540762,3280.6986930447865
1.2000000000000002,55.455195982994525,55.40601629719116,55.408137482809174,73.69527277263221,74.19609425458435,0.0,240.59391462335466,True,False,229,200,0.8,0.04705850018535074,0.5008214819521442,11.593914623354664,55.455195982994525,74.07860917445126,4.647523186433025,0.21836280813540762,3280.6986930447865
1.25,59.13135403509807,59.09083024887861,59.09358589175324,73.29513258816742,74.43151671306211,0.0,245.09505791073417,True,False,229,200,0.8,0.037768143344827365,1.1363841248946898,16.09505791073417,59.13135403509807,73.68107634883287,11.360915357272702,0.21720065359058632,3244.4344878723714
1.25,59.13135403509807,59.09083024887861,59.09227309508006,73.29513258816742,74.40277516348347,0.0,244.99417286227367,True,False,229,200,0.8,0.039080940018010324,1.1076425753160493,15.994172862273672,59.13135403509807,73.68107634883287,11.360915357272702,0.21720065359058632,3244.4344878723714
1.3,62.77993722459888,62.75980190324659,62.76339386575624,72.62358583489916,74.01886710107092,0.0,247.33496872151875,True,False,229,200,0.8,0.016543358842639577,1.3952812661717644,18.33496872151875,62.77993722459888,73.01074361874363,14.737824250816727,0.2152341152853401,3184.550277643359
1.3,62.77993722459888,62.75980190324659,62.76167091641434,72.62358583489916,73.9816225464053,0.0,247.2041549235421,True,False,229,200,0.8,0.018266308184543334,1.358036711506145,18.20415492354209,62.77993722459888,73.01074361874363,14.737824250816727,0.2152341152853401,3184.550277643359
1.35,66.39184172036829,66.39576038263702,66.39956885960206,71.83874191020523,73.20615885737473,0.0,248.15312251813666,True,False,229,200,0.8,0.007727139233765001,1.3674169471695024,19.153122518136655,66.39184172036829,72.22658454608731,16.459205171425083,0.21293173640354543,3115.4277595900785
1.35,66.39184172036829,66.39576038263702,66.39773936594575,71.83874191020523,73.16671544444247,0.0,248.0144666120159,True,False,229,200,0.8,0.00589764557746264,1.3279735342372447,19.014466612015894,66.39184172036829,72.22658454608731,16.459205171425083,0.21293173640354543,3115.4277595900785
1.4000000000000001,69.96266538268839,69.9815110409217,69.98540013661938,70.98301899175043,72.04697357321217,0.0,247.71581628420807,True,False,229,200,0.8,0.022734753930990337,1.0639545814617435,18.715816284208074,69.96266538268839,71.37127073269997,17.805663494441937,0.21041927068089844,3041.0321892203438
1.4000000000000001,69.96266538268839,69.9815110409217,69.9835305346091,70.98301899175043,72.00671612515076,0.0,247.57415788878768,True,False,229,200,0.8,0.020865151920716585,1.0236971334003329,18.57415788878768,69.96266538268839,71.37127073269997,17.805663494441937,0.21041927068089844,3041.0321892203438
1.4500000000000002,73.48903191751981,73.5341671111721,73.5366874006941,70.06059285120051,71.22593187655849,0.0,248.4153600833851,True,False,229,200,0.8,0.04765548317429591,1.16533902535798,19.41536008338511,73.48903191751981,70.44900524509276,19.137155391096815,0.20770907830151594,2961.9405033524213
1.4500000000000002,73.48903191751981,73.5341671111721,73.53548833316255,70.06059285120051,71.19959288802642,0.0,248.3226518809807,True,False,229,200,0.8,0.04645641564273717,1.1390000368259052,19.322651880980686,73.48903191751981,70.44900524509276,19.137155391096815,0.20770907830151594,2961.9405033524213
1.5,76.96777591689505,77.0193517433234,77.02276662812547,69.08674253882502,69.79062923806684,0.0,246.91299719118564,False,True,229,200,0.8,0.05499071123041688,0.7038866992418207,17.91299719118564,76.96777591689505,69.47513180317343,19.497677130982847,0.20484637120668553,2879.6502710117525
1.5,76.96777591689505,77.0193517433234,77.02112832143513,69.08674253882502,69.75520557495685,0.0,246.78820504826146,False,True,229,200,0.8,0.05335240454007817,0.6684630361318256,17.78820504826146,76.96777591689505,69.47513180317343,19.497677130982847,0.20484637120668553,2879.6502710117525
1.55,80.39788697095696,80.43699677635294,80.4399474042433,68.11997370857418,68.29284621222915,0.10000000000000009,245.12214998215904,False,True,229,200,0.8,0.042060433286337684,0.17287250365497187,16.122149982159044,80.39788697095696,68.50845178541113,19.226153417190158,0.20200451478426662,2799.146778417796
1.55,80.39788697095696,80.43699677635294,80.43853590057495,68.11997370857418,68.262152292879,0.10000000000000009,245.01400133536555,False,True,229,200,0.8,0.04064892961798705,0.14217858430481556,16.01400133536555,80.39788697095696,68.50845178541113,19.226153417190158,0.20200451478426662,2799.146778417796
1.6,83.77944956676708,83.82140027101822,83.82235792000422,67.14369503089975,67.51112452902667,0.20000000000000018,245.78619334806132,False,True,229,200,0.8,0.04290835323713793,0.36742949812692416,16.786193348061317,83.77944956676708,67.53224496846319,19.43159498364365,0.19913421346374927,2719.0557211748173
1.6,83.77944956676708,83.82140027101822,83.82192292426566,67.14369503089975,67.50069609428074,0.20000000000000018,245.74949583966318,False,True,229,200,0.8,0.04247335749857939,0.35700106338099147,16.749495839663183,83.77944956676708,67.53224496846319,19.43159498364365,0.19913421346374927,2719.0557211748173
1.6500000000000001,87.11177660866935,87.13815344313478,87.14022691435805,66.1489382859943,66.14169199202729,0.30000000000000027,244.34301287695143,False,True,229,200,0.8,0.028450305688707545,0.007246293967014594,15.343012876951434,87.11177660866935,66.53745345159398,19.83279381620333,0.19620875681875474,2638.6906084501234
1.6500000000000001,87.11177660866935,87.13815344313478,87.13924427335299,66.1489382859943,66.11993155162045,0.30000000000000027,244.26639582781144,False,True,229,200,0.8,0.027467664683641146,0.029006734373851373,15.266395827811436,87.11177660866935,66.53745345159398,19.83279381620333,0.19620875681875474,2638.6906084501234
1.7000000000000002,90.39341958470897,90.42157804985804,90.42200490312136,65.11921094267313,65.37787703659654,0.40000000000000036,244.97046498776706,False,True,229,200,0.8,0.028585318412396532,0.25866609392340933,15.970464987767059,90.39341958470897,65.50745430862375,20.4660911756028,0.1931791196083942,2556.8193012525458
1.7000000000000002,90.39341958470897,90.42157804985804,90.42182900206974,65.11921094267313,65.37286192577962,0.40000000000000036,244.95286508465904,False,True,229,200,0.8,0.028409417360776956,0.25365098310648193,15.952865084659038,90.39341958470897,65.50745430862375,20.4660911756028,0.1931791196083942,2556.8193012525458
1.75,93.62338709372301,93.67164225113528,93.67183063337805,64.08114200989141,64.7099008547955,0.5,245.90008476435273,False,True,229,200,0.8,0.04844353965503956,0.6287588449040982,16.900084764352727,93.62338709372301,64.46901156820239,20.6465015874546,0.1901242219543371,2475.627003225938
1.75,93.62338709372301,93.67164225113528,93.67177128407721,64.08114200989141,64.70731634278117,0.5,245.89105044235987,False,True,229,200,0.8,0.04838419035419861,0.6261743328897609,16.89105044235987,93.62338709372301,64.46901156820239,20.6465015874546,0.1901242219543371,2475.627003225938
1.8,96.80161399636705,96.87111040017187,96.8720032328825,63.05044248242907,63.693904418842294,0.6000000000000001,245.57372424260024,False,True,229,200,0.8,0.07038923651545304,0.6434619364132246,16.573724242600235,96.80161399636705,63.4379222030796,20.480577611868263,0.18709065479491307,2396.336572871715
1.8,96.80161399636705,96.87111040017187,96.87159806226603,63.05044248242907,63.68416789384254,0.6000000000000001,245.53954067520283,False,True,229,200,0.8,0.06998406589897854,0.6337254114134723,16.53954067520283,96.80161399636705,63.4379222030796,20.480577611868263,0.18709065479491307,2396.336572871715
1.85,99.92843195258723,100.01993552909464,100.02074664345571,62.024035091992054,62.63784481482028,0.7000000000000002,245.0609833121642,False,True,229,200,0.8,0.0923146908684771,0.6138097228282291,16.06098331216421,99.92843195258723,62.41109299365233,20.409770017742517,0.18406930418488746,2318.6881394920806
1.85,99.92843195258723,100.01993552909464,100.02038099064504,62.024035091992054,62.62894840609627,0.7000000000000002,245.02979355003134,False,True,229,200,0.8,0.09194903805780541,0.6049133141042162,16.029793550031343,99.92843195258723,62.41109299365233,20.409770017742517,0.18406930418488746,2318.6881394920806
1.9000000000000001,103.00354628440925,103.11807137492437,103.11872561575171,60.9799172237397,61.59204047487266,0.8000000000000003,244.53821887536836,False,True,229,200,0.8,0.1151793313424605,0.6121232511329637,15.538218875368358,103.00354628440925,61.366395212843955,20.810845777369178,0.18099490972715532,2241.0470311755653
1.9000000000000001,103.00354628440925,103.11807137492437,103.11843632509637,60.9799172237397,61.58474830051129,0.8000000000000003,244.51270359297428,False,True,229,200,0.8,0.11489004068711495,0.6048310767715961,15.512703592974276,103.00354628440925,61.366395212843955,20.810845777369178,0.18099490972715532,2241.0470311755653
1.9500000000000002,106.02582241755073,106.16547238209557,106.16600632768436,59.91187455087071,60.55244751954827,0.9000000000000004,243.99247055309618,False,True,229,200,0.8,0.1401839101336293,0.6405729686775601,14.992470553096183,106.02582241755073,60.29758742884195,21.254147655191158,0.17784905958742334,2163.031192674526
1.9500000000000002,106.02582241755073,106.16547238209557,106.16577547262061,59.91187455087071,60.54638788276734,0.9000000000000004,243.97131680091115,False,True,229,200,0.8,0.13995305506988132,0.6345133318966347,14.971316800911154,106.02582241755073,60.29758742884195,21.254147655191158,0.17784905958742334,2163.031192674526
2.0,108.99472480800046,109.16209370488295,109.16253236475865,58.84674458852498,59.516454236576706,1.0,243.4156934060883,False,True,229,200,0.8,0.16780755675819137,0.6697096480517288,14.415693406088309,108.99472480800046,59.23168979412496,21.158149056387163,0.17471145022523732,2086.635197108899
2.0,108.99472480800046,109.16209370488295,109.16234768810168,58.84674458852498,59.51137302618237,1.0,243.39800266265112,False,True,229,200,0.8,0.16762288010122006,0.6646284376573917,14.398002662651123,108.99472480800046,59.23168979412496,21.158149056387163,0.17471145022523732,2086.635197108899
2.0500000000000003,111.91077824531823,112.07343261137653,112.07523692049536,57.798684571053485,57.79626638199456,1.0,240.41442629014438,False,True,229,200,0.8,0.16445867517712998,0.0024181890589218824,11.414426290144377,111.91077824531823,58.18296580899089,20.803141907212797,0.17162416320651203,2012.832121444344
2.0500000000000003,111.91077824531823,112.07343261137653,112.07438196102702,57.798684571053485,57.77731761076156,1.0,240.3485761372006,False,True,229,200,0.8,0.1636037157087884,0.021366960291928194,11.34857613720061,111.91077824531823,58.18296580899089,20.803141907212797,0.17162416320651203,2012.832121444344
2.1,114.7749223339668,114.93388519385607,114.93406638987838,56.77030899263016,56.68960242955296,1.0,239.48347873103904,False,True,229,200,0.8,0.15914405591158243,0.08070656307720014,10.483478731039042,114.7749223339668,57.154061744383746,20.41393702392876,0.16859501776587957,1941.7340848696815
2.1,114.7749223339668,114.93388519385607,114.93400647411657,56.77030899263016,56.68716394329215,1.0,239.47508255739137,False,True,229,200,0.8,0.15908414014977268,0.08314504933801459,10.475082557391374,114.7749223339668,57.154061744383746,20.41393702392876,0.16859501776587957,1941.7340848696815
2.15,117.58812621124923,117.74340924765002,117.74339048053741,55.76095859854722,55.67995777555823,1.0,238.84703344848035,False,True,229,200,0.8,0.15526426928818182,0.08100082298899025,9.847033448480346,117.58812621124923,56.14432550829103,20.03883828118937,0.16562210397745708,1873.2214160205601
2.15,117.58812621124923,117.74340924765002,117.74342806677137,55.76095859854722,55.67956225339552,1.0,238.8457235437573,False,True,229,200,0.8,0.15530185552213993,0.08139634515170258,9.845723543757288,117.58812621124923,56.14432550829103,20.03883828118937,0.16562210397745708,1873.2214160205601
2.2,120.35132380260677,120.5019632886561,120.5019664226213,54.76994586666443,54.66334775384234,1.0,238.14870925353915,False,True,229,200,0.8,0.15064262001452278,0.1065981128220912,9.148709253539153,120.35132380260677,55.15307251369437,19.677185987411242,0.16270341537307426,1807.1770183256256
2.2,120.35132380260677,120.5019632886561,120.50199275522115,54.76994586666443,54.66273992925446,1.0,238.14667278147508,False,True,229,200,0.8,0.15066895261438162,0.10720593740997231,9.146672781475075,120.35132380260677,55.15307251369437,19.677185987411242,0.16270341537307426,1807.1770183256256
2.25,123.06541551530722,123.22675431571415,123.22604210510907,53.79661723132525,53.98658212648736,1.0,238.57917601191696,False,True,229,200,0.8,0.16062658980185063,0.18996489516211312,9.579176011916957,123.06541551530722,54.17964863580202,19.328356931058934,0.15983703468600538,1743.4904513926167
2.25,123.06541551530722,123.22675431571415,123.22641873601866,53.79661723132525,53.99325397009404,1.0,238.60213245603734,False,True,229,200,0.8,0.1610032207114358,0.19663673876878818,9.602132456037339,123.06541551530722,54.17964863580202,19.328356931058934,0.15983703468600538,1743.4904513926167
2.3000000000000003,125.73126987794353,125.9005033827703,125.90057161594702,52.840350697620295,53.002814775812595,1.0,237.93152957506607,False,True,229,200,0.8,0.16930173800348314,0.16246407819230058,8.931529575066065,125.73126987794353,53.223428546680125,18.99176581166225,0.15702112897903855,1682.057488127338
2.3000000000000003,125.73126987794353,125.9005033827703,125.90056519202044,52.840350697620295,53.00156311261566,1.0,237.92730571300189,False,True,229,200,0.8,0.1692953140769049,0.16121241499536865,8.927305713001886,125.73126987794353,53.223428546680125,18.99176581166225,0.15702112897903855,1682.057488127338
2.35,128.34972505661233,128.54042751472014,128.53984636713312,51.900553348711476,52.31456704918624,1.0,238.25556622622008,False,True,229,200,0.8,0.1901213105207944,0.4140137004747615,9.255566226220083,128.34972505661233,52.2838141560611,18.666865691084094,0.15425394508279916,1622.779705590229
2.35,128.34972505661233,128.54042751472014,128.54015790191644,51.900553348711476,52.31992442279898,1.0,238.27386986061646,False,True,229,200,0.8,0.19043284530411597,0.4193710740875005,9.273869860616458,128.34972505661233,52.2838141560611,18.666865691084094,0.15425394508279916,1622.779705590229
2.4000000000000004,130.9215902475355,131.14650078439783,131.14594485123592,50.97665889920743,51.66750553825476,1.0,238.69216488432457,False,True,229,200,0.8,0.22435460370041937,0.6908466390473293,9.69216488432457,130.9215902475355,51.36023314303939,18.35314713417743,0.15153380529944838,1565.564106250143
2.4000000000000004,130.9215902475355,131.14650078439783,131.14624369667396,50.97665889920743,51.6726140698436,1.0,238.70956357076147,False,True,229,200,0.8,0.22465344913845797,0.695955170636168,9.709563570761475,130.9215902475355,51.36023314303939,18.35314713417743,0.15153380529944838,1565.564106250143
2.45,133.4476469502663,133.70143239041167,133.70171020588137,50.06812541864514,50.66800396835004,1.0,237.91134155849446,False,True,229,200,0.8,0.2540632556150797,0.5998785497049042,8.911341558494456,133.4476469502663,50.45213757398503,18.050136106120878,0.1488591033581956,1510.3227672298335
2.45,133.4476469502663,133.70143239041167,133.7015998598075,50.06812541864514,50.664646960157846,1.0,237.90005583544576,False,True,229,200,0.8,0.25395290954119787,0.5965215415127076,8.900055835445755,133.4476469502663,50.45213757398503,18.050136106120878,0.1488591033581956,1510.3227672298335
2.5,135.92865013427922,136.2051844628698,136.20548933727048,49.174433317627354,49.624768355516025,1.0,236.95280118369152,False,True,229,200,0.8,0.27683920299125475,0.4503350378886708,7.95280118369152,135.92865013427922,49.55900260685436,17.757390900128478,0.14622830062336983,1456.9725156066413
2.5,135.92865013427922,136.2051844628698,136.20536519574222,49.174433317627354,49.621146400359756,1.0,236.94069434904065,False,True,229,200,0.8,0.27671506146299407,0.4467130827324013,7.940694349040655,135.92865013427922,49.55900260685436,17.757390900128478,0.14622830062336983,1456.9725156066413
2.5500000000000003,138.36532931153454,138.6749932956563,138.67450923988565,48.295083626119755,48.932120668851795,1.0,237.13528449776533,False,True,229,200,0.8,0.30917992835111363,0.6370370427320395,8.135284497765326,138.36532931153454,48.680325282625596,17.474498448694373,0.1436399225573989,1405.4346279935673
2.5500000000000003,138.36532931153454,138.6749932956563,138.6747714583218,48.295083626119755,48.9365261921815,1.0,237.15005783737348,False,True,229,200,0.8,0.3094421467872621,0.6414425660617482,8.150057837373481,138.36532931153454,48.680325282625596,17.474498448694373,0.1436399225573989,1405.4346279935673
2.6,140.75838953098275,141.0762796234762,141.07725585221905,47.429596581879935,47.591402311253894,1.0,235.14199717787454,False,True,229,200,0.8,0.31886632123629965,0.16180572937395965,6.1419971778745435,140.75838953098275,47.815623401010306,17.20107058466347,0.14109255543048368,1355.6345525378722
2.6,140.75838953098275,141.0762796234762,141.07680159355368,47.429596581879935,47.58097575638597,1.0,235.10751755447762,False,True,229,200,0.8,0.31841206257092836,0.1513791745060331,6.107517554477624,140.75838953098275,47.815623401010306,17.20107058466347,0.14109255543048368,1355.6345525378722
2.6500000000000004,143.10851230942166,143.44355849868012,143.44306902338195,46.57751049291125,46.85484763237435,1.0,235.11062438052403,False,True,229,200,0.8,0.3345567139602963,0.2773371394630999,6.11062438052403,143.10851230942166,46.96443447429868,16.93674055974341,0.13858484325902068,1307.50165142667
2.6500000000000004,143.10851230942166,143.44355849868012,143.4433328392819,46.57751049291125,46.8593285776076,1.0,235.1254317136073,False,True,229,200,0.8,0.33482052986025224,0.28181808469634717,6.125431713607298,143.10851230942166,46.96443447429868,16.93674055974341,0.13858484325902068,1307.50165142667
2.7,145.41635651157856,145.74223609867644,145.7431186558284,45.738380832179864,45.51953612329153,0.9000000000000004,233.09963872860982,False,True,229,200,0.8,0.32676214424984096,0.21884470888833363,4.099638728609818,145.41635651157856,46.12631475045126,16.68116009697555,0.13611548494670483,1260.968961990543
2.7,145.41635651157856,145.74223609867644,145.74270925625441,45.738380832179864,45.51008218896497,0.9000000000000004,233.06887490036283,False,True,229,200,0.8,0.32635274467585873,0.22829864321489168,4.068874900362829,145.41635651157856,46.12631475045126,16.68116009697555,0.13611548494670483,1260.968961990543
2.75,147.68259124665144,148.00684465495698,148.00628328860807,44.91281659590986,44.786445988948685,0.8940160040896749,233.01631354176675,False,True,229,200,0.8,0.32369204195663315,0.1263706069611743,4.016313541766749,147.68259124665144,45.30188411289758,16.413124438092613,0.13368631786874174,1216.029115494321
2.75,147.68259124665144,148.00684465495698,148.00658128911027,44.91281659590986,44.791678230682095,0.8940160040896749,233.0333058572911,False,True,229,200,0.8,0.32399004245883134,0.12113836522776467,4.033305857291111,147.68259124665144,45.30188411289758,16.413124438092613,0.13368631786874174,1216.029115494321
2.8000000000000003,149.9078491376941,150.23736178745995,150.23674008446352,44.099496048096114,44.14175340023817,0.9754813953887158,233.19578735259222,False,True,229,200,0.8,0.32889094676943387,0.042257352142058835,4.19578735259222,149.9078491376941,44.48981664151556,16.171649536523976,0.13129343710429103,1172.5704575156703
2.8000000000000003,149.9078491376941,150.23736178745995,150.23706733174356,44.099496048096114,44.14760652863222,0.9754813953887158,233.21468100291509,False,True,229,200,0.8,0.3292181940494743,0.048110480536102784,4.214681002915086,149.9078491376941,44.48981664151556,16.171649536523976,0.13129343710429103,1172.5704575156703
2.85,152.092707997017,152.41646910807273,152.4167028874226,43.29674003236665,43.14044203837115,0.8754813953887162,232.21468804592354,False,True,229,200,0.8,0.3239948904056007,0.15629799399550137,3.2146880459235376,152.092707997017,43.68842613147693,15.963821496817616,0.12893187377942605,1130.4685217550448
2.85,152.092707997017,152.41646910807273,152.4166102889652,43.29674003236665,43.13760878799138,0.8754813953887162,232.20569466985168,False,True,229,200,0.8,0.3239022919482011,0.15913124437526704,3.205694669851681,152.092707997017,43.68842613147693,15.963821496817616,0.12893187377942605,1130.4685217550448
2.9000000000000004,154.23774487960162,154.57873394662857,154.5775562742557,42.50681925352981,42.7832465305472,0.9754813953887167,233.255386187832,False,True,229,200,0.8,0.3398113946540775,0.27642727701739034,4.255386187831988,154.23774487960162,42.90001128449718,15.705230480499031,0.1266084187628235,1089.8082920727752
2.9000000000000004,154.23774487960162,154.57873394662857,154.5781553506927,42.50681925352981,42.79476654165497,0.9754813953887167,233.29204869220013,False,True,229,200,0.8,0.3404104710910758,0.28794728812516013,4.292048692200126,154.23774487960162,42.90001128449718,15.705230480499031,0.1266084187628235,1089.8082920727752
2.95,156.3435338478708,156.6895387714747,156.68986754044192,41.7264313470455,41.81804669461789,0.9191231808340753,232.3614296392386,False,True,229,200,0.8,0.346333692571136,0.09161534757239309,3.361429639238594,156.3435338478708,42.12124846747769,15.52401464074658,0.12431327014782624,1050.3862429415576
2.95,156.3435338478708,156.6895387714747,156.68972770634835,41.7264313470455,41.81426265517485,0.9191231808340753,232.34956439014564,False,True,229,200,0.8,0.34619385847756234,0.08783130812935269,3.3495643901456447,156.3435338478708,42.12124846747769,15.52401464074658,0.12431327014782624,1050.3862429415576
3.0,158.41057324686744,158.78346591711602,158.78245240423476,40.956918707373994,41.44980522154799,1.0,233.315235024575,False,True,229,200,0.8,0.37187915736731725,0.4928865141739962,4.315235024575003,158.41057324686744,41.353500465889354,15.30620911323211,0.12205045622704244,1012.241149353109
3.0,158.41057324686744,158.78346591711602,158.7829703341269,40.956918707373994,41.45967116416073,1.0,233.34620294194832,False,True,229,200,0.8,0.37239708725945775,0.5027524567867374,4.34620294194832,158.41057324686744,41.353500465889354,15.30620911323211,0.12205045622704244,1012.241149353109
3.0500000000000003,160.43938947751025,160.82588437698035,160.82634240938162,40.197357408228704,40.47628259458838,1.0,232.3711822838419,False,True,229,200,0.8,0.38695293187137736,0.2789251863596789,3.371182283841904,160.43938947751025,40.59584291439869,15.11196249504637,0.11981725514687576,975.2973324667056
3.0500000000000003,160.43938947751025,160.82588437698035,160.82613852964167,40.197357408228704,40.47119909039612,1.0,232.35546445914775,False,True,229,200,0.8,0.38674905213142097,0.273841682167415,3.355464459147754,160.43938947751025,40.59584291439869,15.11196249504637,0.11981725514687576,975.2973324667056
3.1,162.43047462081046,162.85139104485256,162.85047992117407,39.4476796852469,40.10248416815867,1.0,233.25706116371282,False,True,229,200,0.8,0.42000530036361283,0.6548044829117714,4.2570611637128195,162.43047462081046,39.84821536099496,14.915478597551404,0.1176134944675004,939.5236469803223
3.1,162.43047462081046,162.85139104485256,162.85094697563738,39.4476796852469,40.11132372104832,1.0,233.28438660341772,False,True,229,200,0.8,0.42047235482692713,0.6636440358014255,4.284386603417715,162.43047462081046,39.84821536099496,14.915478597551404,0.1176134944675004,939.5236469803223
3.1500000000000004,164.38431798024465,164.8253418913311,164.82588403808938,38.707634427063795,39.12415472277496,1.0,232.2779745788891,False,True,229,200,0.8,0.4415660578447387,0.416520295711166,3.2779745788890864,164.38431798024465,39.1103720239263,14.725207293589909,0.11543845457417899,904.8810001744444
3.1500000000000004,164.38431798024465,164.8253418913311,164.82563823832498,38.707634427063795,39.11823051081991,1.0,232.25994917662575,False,True,229,200,0.8,0.4413202580803386,0.41059608375611845,3.259949176625753,164.38431798024465,39.1103720239263,14.725207293589909,0.11543845457417899,904.8810001744444
3.2,166.3013935322922,166.765027666982,166.76491047539258,37.97691766613819,38.40121326511191,1.0,232.0574920435563,False,True,229,200,0.8,0.4635169431003874,0.42429559897372116,3.0574920435562944,166.3013935322922,38.38201348551062,14.540923168333057,0.11329125731681836,871.3291290014478
3.2,166.3013935322922,166.765027666982,166.7649874975994,37.97691766613819,38.40199891924635,1.0,232.05990464514127,False,True,229,200,0.8,0.4635939653072114,0.4250812531081607,3.0599046451412732,166.3013935322922,38.38201348551062,14.540923168333057,0.11329125731681836,871.3291290014478
3.25,168.1821603345694,168.67042910435725,168.67024362418908,37.255236521232725,37.726822567859486,1.0,231.96725365606375,False,True,229,200,0.8,0.4880832896196807,0.4715860466267614,2.967253656063747,168.1821603345694,37.66285128944464,14.362411322371436,0.11117105667398602,838.8296764789008
3.25,168.1821603345694,168.67042910435725,168.67035377586305,37.255236521232725,37.728309543490525,1.0,231.9717433367954,False,True,229,200,0.8,0.48819344129364595,0.47307302225780035,2.971743336795413,168.1821603345694,37.66285128944464,14.362411322371436,0.11117105667398602,838.8296764789008
3.3000000000000003,170.02706306750179,170.54152726700235,170.54138176797565,36.54230869632644,37.04893780767229,1.0,231.85150705868074,False,True,229,200,0.8,0.514318700473865,0.5066291113458519,2.8515070586807383,170.02706306750179,36.95260751019802,14.189467138611974,0.10907703749350259,807.3460899836707
3.3000000000000003,170.02706306750179,170.54152726700235,170.54147197632855,36.54230869632644,37.050025488811734,1.0,231.85476965658728,False,True,229,200,0.8,0.5144089088267663,0.5077167924852972,2.8547696565872798,170.02706306750179,36.95260751019802,14.189467138611974,0.10907703749350259,807.3460899836707
3.35,171.83653255004185,172.36097395295297,172.3615845083364,35.83786193924602,36.022502305882135,0.9000000000000004,230.7009255001387,False,True,229,200,0.8,0.5250519582945401,0.18464036663611694,1.700925500138709,171.83653255004185,36.251014299923284,14.021895971770464,0.1070084141660068,776.8435237283223
3.35,171.83653255004185,172.36097395295297,172.3613035951365,35.83786193924602,36.015913967312066,0.9000000000000004,230.68172677316636,False,True,229,200,0.8,0.5247710450946386,0.17805202806604825,1.6817267731663605,171.83653255004185,36.251014299923284,14.021895971770464,0.1070084141660068,776.8435237283223
3.4000000000000004,173.61100916291304,174.1460744956592,174.14592255357795,35.14218116456109,35.302143613073454,0.7999999999999998,230.42850632315893,False,True,229,200,0.8,0.5349133906649115,0.15996244851236696,1.4285063231589277,173.61100916291304,35.55836730709814,13.848496338367621,0.10496606432157546,747.3120252918382
3.4000000000000004,173.61100916291304,174.1460744956592,174.14601502958777,35.14218116456109,35.303313807081146,0.7999999999999998,230.43192058374825,False,True,229,200,0.8,0.5350058666747373,0.16113264252005877,1.4319205837482514,173.61100916291304,35.55836730709814,13.848496338367621,0.10496606432157546,747.3120252918382
3.45,175.35101583535527,175.89681112605,175.8966025597769,34.45952636687435,34.62862929991333,0.7000000000000002,230.27796618516865,False,True,229,200,0.8,0.5455867244216392,0.16910293303897816,1.2779661851686512,175.35101583535527,34.8789840688584,13.58876554478696,0.10296273827147503,718.9067615126911
3.45,175.35101583535527,175.89681112605,175.89672244812093,34.45952636687435,34.63038227243467,0.7000000000000002,230.2830065295143,False,True,229,200,0.8,0.545706612765656,0.17085590556032315,1.2830065295142958,175.35101583535527,34.8789840688584,13.58876554478696,0.10296273827147503,718.9067615126911
3.5,177.05744396249656,177.59582806758803,177.59639286916055,33.79974916751467,33.60437570751959,0.6000000000000005,229.1282755100246,False,True,229,200,0.8,0.5389489066639896,0.19537345999508204,0.1282755100245936,177.05744396249656,34.22284494724138,13.119787315570733,0.10102790471591465,691.9984315913692
3.5,177.05744396249656,177.59582806758803,177.59613315046747,33.79974916751467,33.59827671654036,0.6000000000000005,229.11120322182896,False,True,229,200,0.8,0.5386891879709026,0.20147245097430755,0.11120322182895848,177.05744396249656,34.22284494724138,13.119787315570733,0.10102790471591465,691.9984315913692
3.5500000000000003,178.73134017756837,179.27778209199664,179.27686879550066,33.1582020504149,33.230222841148446,0.5,229.78081757361863,False,True,229,200,0.8,0.5455286179322911,0.07202079073354639,0.7808175736186342,178.73134017756837,33.58526348542668,12.758864350926984,0.09914773653813366,666.3459318388765
3.5500000000000003,178.73134017756837,179.27778209199664,179.2773334113655,33.1582020504149,33.239154335666754,0.5,229.80573784157588,False,True,229,200,0.8,0.5459932337971338,0.08095228525185405,0.8057378415758762,178.73134017756837,33.58526348542668,12.758864350926984,0.09914773653813366,666.3459318388765
3.6,180.37340431370473,180.90797708336999,180.90852501546422,32.52537232215234,32.249045467344054,0.40000000000000036,228.75088532376498,False,True,229,200,0.8,0.5351207017594959,0.2763268548082891,-0.24911467623502404,180.37340431370473,32.956623327073146,12.609371733035966,0.09729385090766457,641.5319985165595
3.6,180.37340431370473,180.90797708336999,180.90827287476915,32.52537232215234,32.243132320394764,0.40000000000000036,228.73474522616547,False,True,229,200,0.8,0.5348685610644281,0.2822400017575788,-0.26525477383452767,180.37340431370473,32.956623327073146,12.609371733035966,0.09729385090766457,641.5319985165595
3.6500000000000004,181.98398374102595,182.5210816693795,182.52024434787344,31.898743134420922,31.868152472459343,0.2999999999999998,229.34298507693208,False,True,229,200,0.8,0.5362606068474918,0.030590661961579002,0.3429850769320808,181.98398374102595,32.33438612256035,12.487789865619536,0.09545875813156787,617.4391216918737
3.6500000000000004,181.98398374102595,182.5210816693795,182.5206710283514,31.898743134420922,31.876325971572783,0.2999999999999998,229.36521016680865,False,True,229,200,0.8,0.5366872873254351,0.022417162848139327,0.3652101668086516,181.98398374102595,32.33438612256035,12.487789865619536,0.09545875813156787,617.4391216918737
3.7,183.56349688306085,184.09973863407185,184.0996168380121,31.28301301396233,31.22803940065515,0.20000000000000018,229.2264380657312,False,True,229,200,0.8,0.5361199549512605,0.05497361330717965,0.22643806573120173,183.56349688306085,31.72332290698144,12.265529097940268,0.09365654737908607,594.2313325408927
3.7,183.56349688306085,184.09973863407185,184.09969246014091,31.28301301396233,31.22894611575001,0.20000000000000018,229.22890011481448,False,True,229,200,0.8,0.5361955770800648,0.05406689821231936,0.22890011481447914,183.56349688306085,31.72332290698144,12.265529097940268,0.09365654737908607,594.2313325408927
3.75,185.11272339631705,185.66128401723543,185.6605485175082,30.68689941370735,30.88242059128805,0.2999999999999998,229.88103251529594,False,True,229,200,0.8,0.5478251211911527,0.19552117758069798,0.8810325152959422,185.11272339631705,31.13228449658532,11.884397859725341,0.09191335413580802,572.2090957559619
3.75,185.11272339631705,185.66128401723543,185.66092478504152,30.68689941370735,30.88957044276937,0.2999999999999998,229.90009102487,False,True,229,200,0.8,0.5482013887244648,0.20267102906201728,0.9000910248699938,185.11272339631705,31.13228449658532,11.884397859725341,0.09191335413580802,572.2090957559619
3.8000000000000003,186.63196402253277,187.18835568469905,187.1884021778321,30.082272008006296,30.22993519845701,0.40000000000000036,229.7160861143446,False,True,229,200,0.8,0.5564381552993325,0.1476631904507144,0.7160861143445914,186.63196402253277,30.532766387681775,12.080472924858375,0.09014502719490244,550.3017795189335
3.8000000000000003,186.63196402253277,187.18835568469905,187.18839480010723,30.082272008006296,30.22914246447582,0.40000000000000036,229.7140367780552,False,True,229,200,0.8,0.5564307775744624,0.14687045646952512,0.7140367780552026,186.63196402253277,30.532766387681775,12.080472924858375,0.09014502719490244,550.3017795189335
3.85,188.12091406901357,188.6809383848094,188.68105908145245,29.476041976536283,29.530413172752823,0.3267742721691318,229.42099731472538,False,True,229,200,0.8,0.5601450124388805,0.05437119621653963,0.4209973147253834,188.12091406901357,29.931781343025776,12.095723994460338,0.08837227164412625,528.7749094456444
3.85,188.12091406901357,188.6809383848094,188.68101497445835,29.476041976536283,29.528873058523477,0.3267742721691318,229.41704863830384,False,True,229,200,0.8,0.5601009054447843,0.05283108198719333,0.4170486383038394,188.12091406901357,29.931781343025776,12.095723994460338,0.08837227164412625,528.7749094456444
3.9000000000000004,189.57971044195892,190.15637652008562,190.15574002592498,28.876682583540664,29.180715672652237,0.42677427216913233,230.01270148490894,False,True,229,200,0.8,0.5760295839660614,0.3040330891115737,1.0127014849089448,189.57971044195892,29.337936106044076,11.947611292979724,0.08662050082120532,507.92922269690905
3.9000000000000004,189.57971044195892,190.15637652008562,190.15606689592602,28.876682583540664,29.18687715802416,0.42677427216913233,230.02852321714448,False,True,229,200,0.8,0.5763564539670938,0.3101945744834964,1.0285232171444818,189.57971044195892,29.337936106044076,11.947611292979724,0.08662050082120532,507.92922269690905
3.95,191.0085835373755,191.61466275086855,191.6140657337117,28.278942842059813,28.870992958648948,0.526774272169132,230.6950610891194,False,True,229,200,0.8,0.6054821963361974,0.5920501165891352,1.695061089119406,191.0085835373755,28.745913924729752,11.918596461933136,0.0848740199699159,487.5688528335491
3.95,191.0085835373755,191.61466275086855,191.61437309520562,28.278942842059813,28.876757257120936,0.526774272169132,230.7097575438263,False,True,229,200,0.8,0.6057895578301213,0.5978144150611229,1.7097575438262993,191.0085835373755,28.745913924729752,11.918596461933136,0.0848740199699159,487.5688528335491
4.0,192.4076726197004,193.02106151234273,193.02203956790822,27.68534094890137,27.859256351982925,0.5627731743310828,229.60885394478558,False,True,229,200,0.8,0.6143669482078167,0.17391540308155484,0.6088539447855794,192.4076726197004,28.158284479872933,11.835912491759943,0.08314041866920281,467.7749689788337
4.0,192.4076726197004,193.02106151234273,193.02157435382335,27.68534094890137,27.84901837650166,0.5627731743310828,229.58347222451636,False,True,229,200,0.8,0.6139017341229476,0.16367742760029103,0.5834722245163562,192.4076726197004,28.158284479872933,11.835912491759943,0.08314041866920281,467.7749689788337
4.05,193.7771845488923,194.42765098352334,194.4264196845685,27.095829800836498,27.804269331800974,0.6627731743310824,230.87948712399225,False,True,229,200,0.8,0.6492351356761787,0.7084395309644762,1.8794871239922486,193.7771845488923,27.57501477408764,11.755134719570105,0.08141960222541046,448.5369521754904
4.05,193.7771845488923,194.42765098352334,194.42703741069428,27.095829800836498,27.816492503138807,0.6627731743310824,230.90981938943435,False,True,229,200,0.8,0.6498528618019748,0.7206627023023096,1.9098193894343467,193.7771845488923,27.57501477408764,11.755134719570105,0.08141960222541046,448.5369521754904
4.1000000000000005,195.11726160312406,195.7823248478516,195.78325656120705,26.50718521889675,26.84128454215818,0.7627731743310838,229.92498682614246,False,True,229,200,0.8,0.6659949580829903,0.3340993232614302,0.9249868261424581,195.11726160312406,26.992842079384467,11.755168794891704,0.07970193938488757,429.7415167002588
4.1000000000000005,195.11726160312406,195.7823248478516,195.78281354388244,26.50718521889675,26.83152847340027,0.7627731743310838,229.90143079800356,False,True,229,200,0.8,0.6655519407583768,0.32434325450351764,0.9014307980035596,195.11726160312406,26.992842079384467,11.755168794891704,0.07970193938488757,429.7415167002588
4.15,196.42773635668738,197.1198046598942,197.11936134851183,25.91181397170239,26.435775314512174,0.8627731743310835,230.30561219389108,False,True,229,200,0.8,0.6916249918244546,0.523961342809784,1.3056121938910792,196.42773635668738,26.40405514049905,11.88470587146147,0.07796466254629283,411.14589352127945
4.15,196.42773635668738,197.1198046598942,197.11959212588718,25.91181397170239,26.44000153068181,0.8627731743310835,230.31574569183707,False,True,229,200,0.8,0.6918557691998046,0.5281875589794183,1.3157456918370656,196.42773635668738,26.40405514049905,11.88470587146147,0.07796466254629283,411.14589352127945
4.2,197.70839710903073,198.42271056541344,198.42290338448788,25.315279681941075,25.777094081958705,0.9627731743310831,230.08015735813342,False,True,229,200,0.8,0.7145062754571541,0.4618144000176301,1.0801573581334196,197.70839710903073,25.81432456231417,11.893641127056078,0.07622451660683667,392.9362469047198
4.2,197.70839710903073,198.42271056541344,198.42282201141066,25.315279681941075,25.774860266656354,0.9627731743310831,230.0749396780628,False,True,229,200,0.8,0.7144249023799318,0.4595805847152796,1.0749396780628047,197.70839710903073,25.81432456231417,11.893641127056078,0.07622451660683667,392.9362469047198
4.25,198.95933075579723,199.69102951677988,199.69127535931725,24.722803409066557,25.07119558456439,0.9410158712404326,229.74217320656874,False,True,229,200,0.8,0.7319446035200201,0.34839217549783186,0.7421732065687365,198.95933075579723,25.22898216994026,11.811538734279317,0.07449724744515178,375.2728432388304
4.25,198.95933075579723,199.69102951677988,199.69116763562917,24.722803409066557,25.06842955320065,0.9410158712404326,229.735837633237,False,True,229,200,0.8,0.7318368798319455,0.3456261441340942,0.7358376332369971,198.95933075579723,25.22898216994026,11.811538734279317,0.07449724744515178,375.2728432388304
4.3,200.1807577057287,200.92474880845106,200.92494481007398,24.135061086519315,24.36869979393078,0.841015871240433,229.41108593697072,False,True,229,200,0.8,0.7441871043452863,0.23363870741146542,0.4110859369707214,200.1807577057287,24.648738374218137,11.716468730535034,0.07278495547157997,358.1668841518625
4.3,200.1807577057287,200.92474880845106,200.92486115895792,24.135061086519315,24.36644723271395,0.841015871240433,229.40603999889873,False,True,229,200,0.8,0.7441034532292292,0.23138614619463382,0.4060399988987342,200.1807577057287,24.648738374218137,11.716468730535034,0.07278495547157997,358.1668841518625
4.3500000000000005,201.37293518947956,202.1412354628925,202.14066540250653,23.55291356716582,24.015472814628136,0.9410158712404344,229.85301559400125,False,True,229,200,0.8,0.7677302130269652,0.46255924746231614,0.8530155940012492,201.37293518947956,24.074495351276024,11.603522157353934,0.07109030747309308,341.6331582285331
4.3500000000000005,201.37293518947956,202.1412354628925,202.1409570750207,23.55291356716582,24.021011960278308,0.9410158712404344,229.86537366875274,False,True,229,200,0.8,0.7680218855411454,0.4680983931124878,0.8653736687527385,201.37293518947956,24.074495351276024,11.603522157353934,0.07109030747309308,341.6331582285331
4.4,202.53609733576047,203.30572064071706,203.30663699440686,22.974281396469145,23.008453130353338,0.8410158712404348,228.86171681862382,False,True,229,200,0.8,0.7705396586463849,0.034171733884193145,-0.13828318137618112,202.53609733576047,23.50415816595691,11.536900320227067,0.06940711992891521,325.6010891452247
4.4,202.53609733576047,203.30572064071706,203.30619955191455,22.974281396469145,22.99889128947169,0.8410158712404348,228.8411462726738,False,True,229,200,0.8,0.770102216154072,0.02460989300254468,-0.1588537273262034,202.53609733576047,23.50415816595691,11.536900320227067,0.06940711992891521,325.6010891452247
4.45,203.6704558875141,204.45295330145697,204.4524060988399,22.400864188540254,22.60915518023621,0.7410158712404351,229.17242673813394,False,True,229,200,0.8,0.7819502113258068,0.20829099169595722,0.17242673813393594,203.6704558875141,22.939489644793248,11.431699118414576,0.06774060092217739,310.1101492479437
4.45,203.6704558875141,204.45295330145697,204.45268585009163,22.400864188540254,22.614475672457413,0.7410158712404351,229.18375641320816,False,True,229,200,0.8,0.7822299625775315,0.213611483917159,0.18375641320815816,203.6704558875141,22.939489644793248,11.431699118414576,0.06774060092217739,310.1101492479437
4.5,204.77634089342916,205.5655425534901,205.56565614072431,21.836011284115358,21.954199390779966,0.6410158712404355,228.94145258825827,False,True,229,200,0.8,0.7893152472951499,0.11818810666460777,-0.05854741174172773,204.77634089342916,22.383945231824207,11.246343478350072,0.06610095725649329,295.23985025421115
4.5,204.77634089342916,205.5655425534901,205.56561165602767,21.836011284115358,21.95280927244647,0.6410158712404355,228.93858906577097,False,True,229,200,0.8,0.7892707625985054,0.11679798833111121,-0.061410934229030545,204.77634089342916,22.383945231824207,11.246343478350072,0.06610095725649329,295.23985025421115
4.55,205.85425127440806,206.64347723482157,206.64366115277915,21.28189151711179,21.249908382317216,0.5410158712404358,228.60991146002536,False,True,229,200,0.8,0.7894098783710888,0.03198313479457582,-0.39008853997464144,205.85425127440806,21.839783016948264,11.03441304053162,0.06449486044434809,281.03004690053
4.55,205.85425127440806,206.64347723482157,206.64358183472137,21.28189151711179,21.247810198757445,0.5410158712404358,228.60568923011897,False,True,229,200,0.8,0.7893305603133172,0.034081318354346024,-0.39431076988103086,205.85425127440806,21.839783016948264,11.03441304053162,0.06449486044434809,281.03004690053
4.6000000000000005,206.90462055512035,207.6867465279993,207.6868919410137,20.733497011368566,20.548428627901583,0.4410158712404344,228.28693451596303,False,True,229,200,0.8,0.7822713858933525,0.18506838346698373,-0.7130654840369743,206.90462055512035,21.301922369276944,10.940083325298643,0.06290731000997804,267.3309762549092
4.6000000000000005,206.90462055512035,207.6867465279993,207.68683113944707,20.733497011368566,20.54672875269856,0.4410158712404344,228.28360930771265,False,True,229,200,0.8,0.7822105843267195,0.18676825867000701,-0.716390692287348,206.90462055512035,21.301922369276944,10.940083325298643,0.06290731000997804,267.3309762549092
4.65,207.9276530981894,208.7127303628078,208.71211831652266,20.188306724582354,20.196077327913702,0.34101587124043475,228.6403404077844,False,True,229,200,0.8,0.7844652183332528,0.007770603331348269,-0.35965959221559274,207.9276530981894,20.76782260312567,10.878966537374778,0.06133080533962368,254.06821995847184
4.65,207.9276530981894,208.7127303628078,208.71242862220785,20.188306724582354,20.2020817696536,0.34101587124043475,228.65201774663288,False,True,229,200,0.8,0.7847755240184426,0.013775045071245273,-0.3479822533671211,207.9276530981894,20.76782260312567,10.878966537374778,0.06133080533962368,254.06821995847184
4.7,208.9235154457465,209.7040315059077,209.70418573249245,19.646821789466518,19.53590626872581,0.2410158712404351,228.40001978299063,False,True,229,200,0.8,0.7806702867459592,0.11091552074070776,-0.5999802170093744,208.9235154457465,20.23803952148333,10.802412960327077,0.0597669899295944,241.2476906379384
4.7,208.9235154457465,209.7040315059077,209.70412009453239,19.646821789466518,19.534127827901685,0.2410158712404351,228.39668099921226,False,True,229,200,0.8,0.7806046487858964,0.11269396156483324,-0.6033190007877351,208.9235154457465,20.23803952148333,10.802412960327077,0.0597669899295944,241.2476906379384
4.75,209.89248017830914,210.66064000186842,210.66085182398947,19.11272976305768,18.82812872928032,0.14101587124043546,228.07413826180115,False,True,229,200,0.8,0.7683716456803324,0.2846010337773599,-0.9258617381988472,209.89248017830914,19.716405894038406,10.649333539959203,0.05822718504731069,228.95007615848613
4.75,209.89248017830914,210.66064000186842,210.6607575933489,19.11272976305768,18.825771670130774,0.14101587124043546,228.06984053079367,False,True,229,200,0.8,0.768277415039762,0.28695809292690555,-0.9301594692063304,209.89248017830914,19.716405894038406,10.649333539959203,0.05822718504731069,228.95007615848613
4.800000000000001,210.83491464491755,211.59994148648104,211.59937798552033,18.58565488861086,18.47167383140096,0.04101587124043404,228.3821211840757,False,True,229,200,0.8,0.7644633406027879,0.11398105720990159,-0.617878815924314,210.83491464491755,19.20259394110966,10.509287803985318,0.05671042527574156,217.15269071251888
4.800000000000001,210.83491464491755,211.59994148648104,211.5996636164019,18.58565488861086,18.47720264258032,0.04101587124043404,228.39210755995617,False,True,229,200,0.8,0.7647489714843516,0.10845224603054149,-0.6078924400438268,210.83491464491755,19.20259394110966,10.509287803985318,0.05671042527574156,217.15269071251888
4.8500000000000005,211.75110263367088,212.5045344575369,212.50472563522098,18.06223707993419,17.80920282804603,0.0,228.14334685646435,False,True,229,200,0.8,0.7536230015500962,0.25303425188815964,-0.8566531435356524,211.75110263367088,18.69320933545368,10.450821314215577,0.05520668858510143,205.7663678127342
4.8500000000000005,211.75110263367088,212.5045344575369,212.50464100447292,18.06223707993419,17.807066578800534,0.0,228.1396316215112,False,True,229,200,0.8,0.7535383708020333,0.25517050113365514,-0.8603683784888005,211.75110263367088,18.69320933545368,10.450821314215577,0.05520668858510143,205.7663678127342
4.9,212.64117195262054,213.3918080759856,213.39132112958617,17.540852940528904,17.44637477762756,0.0,228.41877075342,False,True,229,200,0.8,0.7501491769656354,0.0944781629013427,-0.5812292465799942,212.64117195262054,18.186642254666854,10.411675090809164,0.05371122258498713,194.74846254430918
4.9,212.64117195262054,213.3918080759856,213.39156871268474,17.540852940528904,17.451136289775828,0.0,228.4269675842094,False,True,229,200,0.8,0.7503967600642056,0.08971665075307556,-0.5730324157906068,212.64117195262054,18.186642254666854,10.411675090809164,0.05371122258498713,194.74846254430918
4.95,213.5052191202662,214.2617578899426,214.2612775681087,17.021340803205607,17.126362384161677,0.0,228.75884492089713,False,True,229,200,0.8,0.7560584478425199,0.10502158095606973,-0.24115507910286738,213.5052191202662,17.682790786783105,10.37476616171037,0.052223728041354,184.09163007541605
4.95,213.5052191202662,214.2617578899426,214.26152174086678,17.021340803205607,17.131060579808228,0.0,228.76680598888962,False,True,229,200,0.8,0.756302620600593,0.10971977660262056,-0.23319401111038474,213.5052191202662,17.682790786783105,10.37476616171037,0.052223728041354,184.09163007541605
5.0,214.3433362558706,215.09697839083424,215.09732300947965,16.503642072582668,16.452273630270625,0.0,228.50711506479072,False,True,229,200,0.8,0.7539867536090412,0.05136844231204307,-0.49288493520927545,214.3433362558706,17.181665912036557,10.339010209421561,0.05074423909787277,173.7910863038079
5.0,214.3433362558706,215.09697839083424,215.09716247415727,16.503642072582668,16.44859240905241,0.0,228.50112062132635,False,True,229,200,0.8,0.7538262182866617,0.05504966353025864,-0.4988793786736494,214.3433362558706,17.181665912036557,10.339010209421561,0.05074423909787277,173.7910863038079
5.050000000000001,215.1556125995441,215.9148636664802,215.91449359480652,15.987699693213807,16.082195376237525,0.0,228.74362336414825,False,True,229,200,0.8,0.758880995262416,0.0944956830237178,-0.2563766358517512,215.1556125995441,16.683288015508797,10.304388788589998,0.04927281765267915,163.8422394596325
5.050000000000001,215.1556125995441,215.9148636664802,215.91468319345404,15.987699693213807,16.085783506906374,0.0,228.749386165004,False,True,229,200,0.8,0.7590705939099394,0.09808381369256658,-0.2506138349959883,215.1556125995441,16.683288015508797,10.304388788589998,0.04927281765267915,163.8422394596325
5.1000000000000005,215.94213456134594,216.69800577988178,216.69834704458884,15.473457512171551,15.410581665207959,0.0,228.5039840437806,False,True,229,200,0.8,0.7562124832429049,0.06287584696359261,-0.4960159562193951,215.94213456134594,16.18768735731076,10.270884120478314,0.04780955474862267,154.24067174809832
5.1000000000000005,215.94213456134594,216.69800577988178,216.69818762219842,15.473457512171551,15.406945171815286,0.0,228.49838990492842,False,True,229,200,0.8,0.75605306085248,0.0665123403562653,-0.5016100950715838,215.94213456134594,16.18768735731076,10.270884120478314,0.04780955474862267,154.24067174809832
5.15,216.70298576551448,217.46380193982938,217.46343442427107,14.960860244022562,15.041591974490673,0.0,228.72353587642505,False,True,229,200,0.8,0.7604486587565873,0.080731730468111,-0.27646412357495365,216.70298576551448,15.69490535669778,10.238479122668723,0.04635457436738611,144.98213487515994
5.15,216.70298576551448,217.46380193982938,217.4636222394506,14.960860244022562,15.045164740755064,0.0,228.7289484366903,False,True,229,200,0.8,0.7606364739361027,0.08430449673250173,-0.2710515633096975,216.70298576551448,15.69490535669778,10.238479122668723,0.04635457436738611,144.98213487515994
5.2,217.43824709294512,218.2122482988426,218.2118655493564,14.449853434108443,14.71654520664527,0.008400787957777725,229.00134507571417,False,True,229,200,0.8,0.7736184564112705,0.2666917725368272,0.0013450757141697522,217.43824709294512,15.204996106438024,10.207157445055174,0.04490803790371825,136.06254576132255
5.2,217.43824709294512,218.2122482988426,218.21206066609486,14.449853434108443,14.720276747731369,0.008400787957777725,229.00688984545258,False,True,229,200,0.8,0.773813573149738,0.27042331362292593,0.006889845452576537,217.43824709294512,15.204996106438024,10.207157445055174,0.04490803790371825,136.06254576132255
5.25,218.14799635283237,218.94334109588453,218.943036639369,13.940375592676462,14.385109412570603,0.10840078795777737,229.26229872234902,False,True,229,200,0.8,0.795040286536647,0.4447338198941413,0.26229872234901563,218.14799635283237,14.71802001969886,10.17705189114539,0.04347012540269203,127.4778413587745
5.25,218.14799635283237,218.94334109588453,218.94319320995083,13.940375592676462,14.388048944650834,0.10840078795777737,229.26658266892375,False,True,229,200,0.8,0.7951968571184693,0.4476733519743714,0.26658266892374627,218.14799635283237,14.71802001969886,10.17705189114539,0.04347012540269203,127.4778413587745
5.300000000000001,218.83230433247724,219.6396678873237,219.64015120104193,13.432178510248981,13.702439643474982,0.16897781215879143,229.0218634217944,False,True,229,200,0.8,0.8078468685646953,0.27026113322600054,0.021863421794392934,218.83230433247724,14.233858629197718,10.151913352917163,0.042040488557365696,119.22085994627473
5.300000000000001,218.83230433247724,219.6396678873237,219.6399212790581,13.432178510248981,13.697377467621328,0.16897781215879143,229.01483803256426,False,True,229,200,0.8,0.8076169465808505,0.26519895737234656,0.01483803256425631,218.83230433247724,14.233858629197718,10.151913352917163,0.042040488557365696,119.22085994627473
5.3500000000000005,219.49122640293893,220.30122166448476,220.30169115170992,12.92484009076186,12.979516717763804,0.06897781215879178,228.7365031483391,False,True,229,200,0.8,0.8104647487709826,0.05467662700194431,-0.26349685166090353,219.49122640293893,13.752229151359709,10.13714478654396,0.040618293700067275,111.28208645489767
5.3500000000000005,219.49122640293893,220.30122166448476,220.30146763854907,12.92484009076186,12.974601685781327,0.06897781215879178,228.73000483585085,False,True,229,200,0.8,0.8102412356101354,0.04976159501946675,-0.2699951641491509,219.49122640293893,13.752229151359709,10.13714478654396,0.040618293700067275,111.28208645489767
5.4,220.1248260256749,220.96281766215512,220.96173165097204,12.419488733137825,12.959212884589453,0.16897781215879143,229.37063695826083,False,True,229,200,0.8,0.8369056252971347,0.5397241514516278,0.37063695826083176,220.1248260256749,13.274491348106952,10.093288155548432,0.039207558547216116,103.67833466672182
5.4,220.1248260256749,220.96281766215512,220.96227059240832,12.419488733137825,12.970111811955606,0.16897781215879143,229.38507770272662,False,True,229,200,0.8,0.8374445667334101,0.5506230788177806,0.385077702726619,220.1248260256749,13.274491348106952,10.093288155548432,0.039207558547216116,103.67833466672182
5.45,220.7331802223298,221.57221975432665,221.5733689115845,11.914883853852368,11.978287253579301,0.06897781215879178,228.77584575485716,False,True,229,200,0.8,0.8401886892547168,0.06340339972693343,-0.22415424514284155,220.7331802223298,12.79955175813704,10.081298668217112,0.037805055024475925,96.38645346235985
5.45,220.7331802223298,221.57221975432665,221.5728117313611,11.914883853852368,11.966473290388002,0.06897781215879178,228.76130120300473,False,True,229,200,0.8,0.8396315090313067,0.05158943653563419,-0.23869879699526564,220.7331802223298,12.79955175813704,10.081298668217112,0.037805055024475925,96.38645346235985
5.5,221.31635058937286,222.18165767357877,222.18065418304167,11.412208564564372,11.906704427372134,0.16897781215879143,229.29857812416586,False,True,229,200,0.8,0.8643035936688079,0.4944958628077618,0.29857812416585716,221.31635058937286,12.328887248224873,10.04183915790278,0.03641514676784003,89.42306465932758
5.5,221.31635058937286,222.18165767357877,222.18115213840284,11.412208564564372,11.916774977115889,0.16897781215879143,229.31094249306983,False,True,229,200,0.8,0.864801549029977,0.504566412551517,0.310942493069831,221.31635058937286,12.328887248224873,10.04183915790278,0.03641514676784003,89.42306465932758
5.550000000000001,221.8744115889407,222.75630338778356,222.75669169351065,10.910335935526138,11.275268799354254,0.26897781215879285,229.1494871906412,False,True,229,200,0.8,0.8822801045699578,0.3649328638281162,0.14948719064119587,221.8744115889407,11.861583509256032,10.029743014184005,0.03503513478692646,82.76819816320597
5.550000000000001,221.8744115889407,222.75630338778356,222.75650710454357,10.910335935526138,11.271197205493316,0.26897781215879285,229.14474804214638,False,True,229,200,0.8,0.8820955156028845,0.3608612699671774,0.14474804214637516,221.8744115889407,11.861583509256032,10.029743014184005,0.03503513478692646,82.76819816320597
5.6000000000000005,222.40736594074383,223.3135660196856,223.31332735286603,10.407827919722244,10.896840846774651,0.3689778121587925,229.28947342885598,False,True,229,200,0.8,0.9059614121221955,0.48901292705240706,0.2894734288559846,222.40736594074383,11.396433783055429,10.044300726005519,0.03366145616241111,76.40003116741244
5.6000000000000005,222.40736594074383,223.3135660196856,223.31344989663648,10.407827919722244,10.89914680691717,0.3689778121587925,229.29209394715127,False,True,229,200,0.8,0.9060839558926546,0.4913188871949252,0.29209394715127246,222.40736594074383,11.396433783055429,10.044300726005519,0.03366145616241111,76.40003116741244
5.65,222.9151946301883,223.83602694657108,223.83647354366437,9.905421540189668,10.217849859259836,0.46897781215879214,229.0990051776273,False,True,229,200,0.8,0.9212789134760726,0.3124283190701682,0.09900517762730487,222.9151946301883,10.93457464249761,10.039696059177608,0.032297469360869586,70.32955615053795
5.65,222.9151946301883,223.83602694657108,223.83625984268275,9.905421540189668,10.21319613415889,0.46897781215879214,229.09405163486971,False,True,229,200,0.8,0.9210652124944545,0.30777459396922247,0.09405163486971446,222.9151946301883,10.93457464249761,10.039696059177608,0.032297469360869586,70.32955615053795
5.7,223.3979289737415,224.32368090476885,224.32412589043744,9.404166911524376,9.496789164920791,0.3689778121587925,228.8769519592198,False,True,229,200,0.8,0.9261969166959432,0.09262225339641539,-0.1230480407801906,223.3979289737415,10.477539039706693,10.014503608998087,0.030947703728885858,64.57021366561621
5.7,223.3979289737415,224.32368090476885,224.32391261171875,9.404166911524376,9.492158435164736,0.3689778121587925,228.87234203329112,False,True,229,200,0.8,0.9259836379772537,0.08799152364036011,-0.12765796670888108,223.3979289737415,10.477539039706693,10.014503608998087,0.030947703728885858,64.57021366561621
5.75,223.85563513896489,224.8113578059041,224.81025406874932,8.90430407382935,9.476972429841233,0.46897781215879214,229.34427961103094,False,True,229,200,0.8,0.9546189297844307,0.5726683560118833,0.3442796110309416,223.85563513896489,10.026076698299423,9.98684271742179,0.02961437525674219,59.122979351243835
5.75,223.85563513896489,224.8113578059041,224.81079992366023,8.90430407382935,9.48808680764231,0.46897781215879214,229.3553652421152,False,True,229,200,0.8,0.9551647846953415,0.58378273381296,0.35536524211519804,223.85563513896489,10.026076698299423,9.98684271742179,0.02961437525674219,59.122979351243835
5.800000000000001,224.28837879652235,225.24680299981793,225.24793853220547,8.405635841328548,8.495942677468404,0.3689778121587907,228.89865935583114,False,True,229,200,0.8,0.9595597356831149,0.09030683613985602,-0.10134064416885735,224.28837879652235,9.580559157256952,9.963923834728881,0.028298582887739065,53.983079310334595
5.800000000000001,224.28837879652235,225.24680299981793,225.2473862551502,8.405635841328548,8.484302499101647,0.3689778121587907,228.88818663283516,False,True,229,200,0.8,0.9590074586278377,0.07866665777309834,-0.11181336716484225,224.28837879652235,9.580559157256952,9.963923834728881,0.028298582887739065,53.983079310334595
5.8500000000000005,224.69622024065814,225.66484759658908,225.66456185691786,7.908218988040364,8.077285271845529,0.2689778121587911,228.9667822468579,False,True,229,200,0.8,0.9683416162597211,0.16906628380516509,-0.03321775314211095,224.69622024065814,9.14173198180415,9.93919178868952,0.027002530336810892,49.14910769757195
5.8500000000000005,224.69622024065814,225.66484759658908,225.66470603709558,7.908218988040364,8.080097374593066,0.2689778121587911,228.9692102190078,False,True,229,200,0.8,0.9684857964374487,0.17187838655270227,-0.030789780992193982,224.69622024065814,9.14173198180415,9.93919178868952,0.027002530336810892,49.14910769757195
5.9,225.07922759554162,226.06548949020765,226.06507978802506,7.4123895395302295,7.754998302250595,0.3689778121587907,229.1106878117091,False,True,229,200,0.8,0.9858521924834349,0.34260876272036533,0.1106878117091128,225.07922759554162,8.710764862879858,9.90368407438086,0.025729674100293597,44.62261625316241
5.9,225.07922759554162,226.06548949020765,226.06528456709842,7.4123895395302295,7.759074447059945,0.3689778121587907,229.11407457975267,False,True,229,200,0.8,0.986056971556792,0.34668490752971515,0.11407457975266766,225.07922759554162,8.710764862879858,9.90368407438086,0.025729674100293597,44.62261625316241
5.95,225.43746803200173,226.4313064832898,226.43171503070505,6.917288002321847,7.077491528481911,0.2689778121587911,228.9711289822511,False,True,229,200,0.8,0.9942469987033178,0.16020352616006406,-0.02887101774891221,225.43746803200173,8.28769740892499,9.89668539727464,0.024480132665961135,40.39197129935701
5.95,225.43746803200173,226.4313064832898,226.4315183796518,6.917288002321847,7.073256203216243,0.2689778121587911,228.9679101420452,False,True,229,200,0.8,0.9940503476500737,0.1559682008943959,-0.03208985795478725,225.43746803200173,8.28769740892499,9.89668539727464,0.024480132665961135,40.39197129935701
6.0,225.7709837319087,226.77971562321795,226.77940000337765,6.423557992263529,6.703455409035777,0.3689778121587907,229.05874810985264,False,True,229,200,0.8,1.0084162714689455,0.2798974167722479,0.05874810985264389,225.7709837319087,7.8743662471543265,9.866288923583472,0.023259332511346976,36.46232625925677
6.0,225.7709837319087,226.77971562321795,226.77955812962475,6.423557992263529,6.706585724062098,0.3689778121587907,229.06102530449144,False,True,229,200,0.8,1.0085743977160462,0.283027731798569,0.06102530449143728,225.7709837319087,7.8743662471543265,9.866288923583472,0.023259332511346976,36.46232625925677
6.050000000000001,226.0798289151772,227.09329386269388,227.0936804013392,5.930332150253018,6.027990988898205,0.2689778121587893,228.93851167907147,False,True,229,200,0.8,1.0138514861620251,0.0976588386451871,-0.0614883209285324,226.0798289151772,7.471207005056235,9.859190665680641,0.02206856186027752,32.82325225722246
6.050000000000001,226.0798289151772,227.09329386269388,227.09349400335114,5.930332150253018,6.023989942091368,0.2689778121587893,228.9358865808513,False,True,229,200,0.8,1.0136650881739513,0.09365779183834988,-0.06411341914869695,226.0798289151772,7.471207005056235,9.859190665680641,0.02206856186027752,32.82325225722246
6.1000000000000005,226.3640410287934,227.38945980008907,227.38912848082728,5.438324377371395,5.655943961820905,0.36897781215878894,229.0140156305321,False,True,229,200,0.8,1.0250874520338868,0.21761958444951013,0.014015630532099976,226.3640410287934,7.0806231847957175,9.833441122243611,0.02091492165271627,29.48023896187488
6.1000000000000005,226.3640410287934,227.38945980008907,227.38929376847477,5.438324377371395,5.659244424313741,0.36897781215878894,229.0160713524319,False,True,229,200,0.8,1.0252527396813775,0.22092004694234557,0.016071352431907826,226.3640410287934,7.0806231847957175,9.833441122243611,0.02091492165271627,29.48023896187488
6.15,226.6236682856266,227.65078971399615,227.65116625667284,4.946810667788843,4.980952837259268,0.2689778121587893,228.9123288917774,False,True,229,200,0.8,1.0274979710462446,0.034142169470425365,-0.08767110822259383,226.6236682856266,6.70379360436371,9.826525988768314,0.01980189535057277,26.42520147756737
6.15,226.6236682856266,227.65078971399615,227.6509842246419,4.946810667788843,4.9770639722477945,0.2689778121587893,228.91018354459518,False,True,229,200,0.8,1.0273159390152955,0.03025330445895147,-0.08981645540481509,226.6236682856266,6.70379360436371,9.826525988768314,0.01980189535057277,26.42520147756737
6.2,226.8587430121445,227.87728096922788,227.8776715080777,4.456306107020444,4.261869251517081,0.16897781215878965,228.80163610219986,False,True,229,200,0.8,1.0189284959332099,0.19443685550336287,-0.1983638978001352,226.8587430121445,6.343606326341423,9.804895367587891,0.018738015222458375,23.661350460689146
6.2,226.8587430121445,227.87728096922788,227.87748224887832,4.456306107020444,4.2578447944398645,0.16897781215878965,228.79970606401827,False,True,229,200,0.8,1.0187392367338362,0.1984613125805792,-0.20029393598173328,226.8587430121445,6.343606326341423,9.804895367587891,0.018738015222458375,23.661350460689146
6.25,227.0693223821877,228.08635421316833,228.08593539081787,3.9669890786236675,3.8964228781402213,0.06897781215879001,228.85848418190588,False,True,229,200,0.8,1.0166130086301735,0.0705662004834462,-0.1415158180941205,227.0693223821877,6.0030093648923675,9.781851751427771,0.017731990643192665,21.1883044019549
6.25,227.0693223821877,228.08635421316833,228.08614267315872,3.9669890786236675,3.9006301564716552,0.06897781215879001,228.86035800941642,False,True,229,200,0.8,1.016820290971026,0.06635892215201222,-0.13964199058358417,227.0693223821877,6.0030093648923675,9.781851751427771,0.017731990643192665,21.1883044019549
6.300000000000001,227.25545347401197,228.26058513808786,228.26089562280768,3.478364156517365,3.2257869097657075,0.0,228.79066566704208,False,True,229,200,0.8,1.0054421487957086,0.2525772467516574,-0.2093343329579227,227.25545347401197,5.684718685988202,9.768476773512084,0.016791845536552753,19.00064020272794
6.300000000000001,227.25545347401197,228.26058513808786,228.26074507584346,3.478364156517365,3.2225869276238184,0.0,228.78946574680168,False,True,229,200,0.8,1.0052916018314875,0.2557772288935465,-0.2105342531983183,227.25545347401197,5.684718685988202,9.768476773512084,0.016791845536552753,19.00064020272794
6.3500000000000005,227.41716751257752,228.41739547470735,228.41700496479513,2.9902815228685413,2.8563794473694646,0.0,228.83248721983122,False,True,229,200,0.8,0.999837452217605,0.13390207549907673,-0.1675127801687779,227.41716751257752,5.392336833263311,9.758351108808165,0.015928222609750048,17.09611591492438
6.3500000000000005,227.41716751257752,228.41739547470735,228.41719783887248,2.9902815228685413,2.8603096236624994,0.0,228.83382322499003,False,True,229,200,0.8,1.0000303262949615,0.1299718992060419,-0.16617677500997274,227.41716751257752,5.392336833263311,9.758351108808165,0.015928222609750048,17.09611591492438
6.4,227.5544898286011,228.55678443229496,228.5563827676036,2.5026921907102526,2.5307615278118365,0.0,228.88259846026392,False,True,229,200,0.8,1.001892939002488,0.02806933710158388,-0.11740153973607903,227.5544898286011,5.130064809534327,9.74863236242058,0.01515353229060216,15.473313164907667
6.4,227.5544898286011,228.55678443229496,228.55658094345586,2.5026921907102526,2.534809050005277,0.0,228.88384020357637,False,True,229,200,0.8,1.0020911148547498,0.03211685929502428,-0.11615979642363072,227.5544898286011,5.130064809534327,9.74863236242058,0.01515353229060216,15.473313164907667
6.45,227.66744481809968,228.661327380691,228.6617372135744,2.015588548047257,1.8513534911628395,0.0,228.83636761790135,False,True,229,200,0.8,0.99429239547473,0.16423505688441753,-0.16363238209865472,227.66744481809968,4.902531311800414,9.738926411757072,0.014481448291682148,14.131022233481836
6.45,227.66744481809968,228.661327380691,228.66153726799723,2.015588548047257,1.8471581966311221,0.0,228.83537740956052,False,True,229,200,0.8,0.9940924498975505,0.16843035141613494,-0.16462259043947824,227.66744481809968,4.902531311800414,9.738926411757072,0.014481448291682148,14.131022233481836
6.5,227.75605692869618,228.7310232654436,228.73143540771724,1.5289802887994592,1.129692923306394,0.0,228.79647267549575,False,True,229,200,0.8,0.9753784790210602,0.3992873654930653,-0.20352732450425037,227.75605692869618,4.7145442236631165,9.728866781390703,0.013926173520628363,13.067981224744795
6.5,227.75605692869618,228.7310232654436,228.73123396221544,1.5289802887994592,1.1254808272304884,0.0,228.79578721293453,False,True,229,200,0.8,0.9751770335192589,0.4034994615689709,-0.2042127870654724,227.75605692869618,4.7145442236631165,9.728866781390703,0.013926173520628363,13.067981224744795
6.550000000000001,227.8203516068799,228.78329548657354,228.78289129470312,1.0428984714744907,0.7633770731134245,0.0,228.81259099313615,False,True,229,200,0.8,0.9625396878232095,0.27952139836106615,-0.1874090068638452,227.8203516068799,4.570731004806738,9.717987548202942,0.013501377797019638,12.282808386522545
6.550000000000001,227.8203516068799,228.78329548657354,228.78308980825432,1.0428984714744907,0.7674675795176122,0.0,228.8131086270666,False,True,229,200,0.8,0.9627382013744068,0.2754308919568784,-0.1868913729333883,227.8203516068799,4.570731004806738,9.717987548202942,0.013501377797019638,12.282808386522545
6.6000000000000005,227.86035649491674,228.8007196188672,228.80104192926856,0.557400827408687,0.09210767417124072,0.0,228.80147433578796,False,True,229,200,0.8,0.9406854343518205,0.4652931532374463,-0.19852566421204187,227.86035649491674,4.475054646630332,9.705718756481525,0.013218768001446918,11.773927092463342
6.6000000000000005,227.86035649491674,228.8007196188672,228.8008839880312,0.557400827408687,0.08881941909610043,0.0,228.801286071748,False,True,229,200,0.8,0.9405274931144447,0.4685814083125866,-0.19871392825200473,227.86035649491674,4.475054646630332,9.705718756481525,0.013218768001446918,11.773927092463342
6.65,227.8761029021327,228.8007196188672,228.8003387671605,0.07257711870230307,-0.2778176002389007,0.0,228.8003387671605,False,False,229,200,0.8,0.9242358650278106,0.3503947189412038,-0.1996612328395031,227.8761029021327,4.430279496566812,9.69139298304795,0.013086510143606307,11.539480051322297
6.65,227.8761029021327,228.8007196188672,228.8005253091412,0.07257711870230307,-0.2739536741136548,0.0,228.8005253091412,False,False,229,200,0.8,0.9244224070085068,0.3465307928159579,-0.19947469085880698,227.8761029021327,4.430279496566812,9.69139298304795,0.013086510143606307,11.539480051322297
