Time (s),Altitude_AGL_m,Vertical_Velocity_ms,Vertical_Acceleration_ms2,Total_Velocity_ms,Mach_Number,Dynamic_Pressure_Pa,Deployment_Level,Predicted_Apogee_m,Filtered_Altitude_m,Filtered_Velocity_ms,Raw_Barometer_Altitude_m,Altitude_Error_m,Velocity_Error_ms,Motor_Burning,Control_Active,Target_Apogee_m,Apogee_Error_m
0.0,0.0,0.0,0.0,0.0,0.0,0.0,0.0,113.12574201822224,113.12574201822224,0.0,113.12574201822224,113.12574201822224,0.0,True,False,228.6,-115.47425798177775
0.02,0.013279535592431557,1.7490715926847737,117.68138229148616,1.7557527620205136,0.005173870523908194,1.8474347596619816,0.0,113.06201572315709,113.06201572315709,-0.08928682079861015,112.97429101245038,113.0148787392841,2.1731976965832382,True,False,228.6,-115.5379842768429
0.04,0.0714775446496958,4.062768029531678,114.8637454511752,4.078287143380794,0.012017947485330376,9.967713921271235,0.0,112.99828942809194,112.99828942809194,-0.1785736415972203,112.82284000667853,112.90401546034596,4.3463953931664765,True,False,228.6,-115.60171057190806
0.06,0.17566015630279708,6.353485640291789,114.20383345101426,6.377754923271695,0.01879407153674744,24.376495865483626,0.0,112.9506598818846,112.9506598818846,-0.2771034502763222,112.7505565119376,112.75222707427282,6.623684480273635,True,False,228.6,-115.64934011811539
0.08,0.32552511241834736,8.630705882634238,113.51291373311885,8.663673776990313,0.025530300524438835,44.98146108333949,0.0,112.91912708453509,112.91912708453509,-0.384876246835916,112.75744052822759,112.55951358106466,9.005064957904715,True,False,228.6,-115.6808729154649
0.1,0.5207941993290603,10.893796392140286,112.79099253439175,10.935408924588566,0.03222477470074978,71.66239084082767,0.0,112.88759428718558,112.88759428718558,-0.4926490433955097,112.76432454451759,112.36680008785652,11.386445435535796,True,False,228.6,-115.71240571281442
0.12,0.7611786640161426,13.142141716732684,112.03849383468693,13.192342563062253,0.03887568409788416,104.29297549377658,0.0,113.06713069885797,113.00609219693548,0.396686731205768,113.25311899623367,112.21134167413285,12.733867114587765,True,False,228.6,-115.53286930114203
0.14,1.0463775252059122,15.375135950442113,111.2559705909431,15.433866471979682,0.04548124672479624,142.74102390184157,0.0,113.24666711053034,113.12459010668539,1.2860225058070467,113.74191344794976,112.0558832604092,14.081288793639736,True,False,228.6,-115.35333288946966
0.16,1.3760777922846614,17.59218408614482,110.44397976673734,17.659383371386554,0.05203971255629925,186.86874004982127,0.0,113.97705718191091,113.33451364503236,2.8191602498283403,114.17737369567965,111.93643126130029,14.764615776600396,True,False,228.6,-114.62294281808909
0.18,1.7499546886867847,19.792702614274287,109.60310899894893,19.868307522804603,0.05854936529234201,236.5330052540225,0.0,115.25830091299967,113.63586281197638,4.996099963269652,114.55949973942336,111.8529856768061,14.783848063469748,True,False,228.6,-113.34169908700032
0.2,2.167671886608474,21.976120027050065,108.73398125560463,22.0600652353865,0.06500852383845317,291.5856686727595,0.0,116.53954464408844,113.9372119789204,7.1730396767109665,114.94162578316707,111.76954009231193,14.803080350339098,True,False,228.6,-112.06045535591156
0.22,2.6288541748008356,24.137230598195757,107.31655568574243,24.229430897827175,0.07140179800693593,351.738406211215,0.0,119.5414178508157,114.38299863215354,9.68835512801883,115.18606726765249,111.72202661963776,14.426019154238837,True,False,228.6,-109.05858214918429
0.24,3.1329663116862605,26.268154025025925,105.73997559097035,26.368909264435842,0.07770710837354626,416.57833484369013,0.0,122.54329105754297,114.82878528538669,12.203670579326694,115.43050875213791,111.67451314696359,14.048957958138578,True,False,228.6,-106.05670894245702
0.26,3.679375965118737,28.367718711893303,104.21226571356898,28.477986910292422,0.08392294947621813,485.85663654799254,0.0,127.3782321764492,115.37828380598738,15.2705602630288,115.98314174239252,111.67822074290008,13.081633841468348,True,False,228.6,-101.22176782355079
0.28,4.2674696946471045,30.43647896458123,102.65970347767937,30.556140051760433,0.09004778484232931,559.3221661774129,0.0,134.04624120753437,116.03149419395561,18.88902417912514,116.84396623841631,111.73314940744723,11.524046804228146,True,False,228.6,-94.55375879246563
0.3,4.89662650992949,32.47394786220942,101.08330397617857,32.60288127087952,0.09608018465900066,636.7233522546729,0.0,140.7142502386195,116.68470458192385,22.507488095221472,117.70479073444011,111.78807807199436,9.966459766987949,True,False,228.6,-87.88574976138048
0.32,5.566215887026999,34.479659167881366,99.48411299052147,34.61774733357319,0.1020187898715326,717.8083392147322,0.0,149.33871812174826,117.49935784067375,25.992020114322248,118.317807024163,111.90337817055773,8.46343365962554,True,False,228.6,-79.26128187825174
0.34,6.275598187249699,36.45316796361742,97.86318619720379,36.600299691882405,0.10786231366366625,802.3254939159201,0.0,157.963186004877,118.31401109942365,29.476552133423024,118.9308233138859,112.0186782691211,6.960407552263131,True,False,228.6,-70.63681399512299
0.36,7.024125080645973,38.39404916213184,96.22157513619946,38.55012270643971,0.11360953622040217,890.0238020407518,0.0,167.1125263322751,119.17765345121668,32.89505253332249,119.72473855381294,112.13445024916633,5.482385968193744,True,False,228.6,-61.487473667724885
0.38,7.81113995278443,40.301900688825306,94.56039592141198,40.46682637369397,0.11925931276744096,980.6534457239002,0.0,176.78673910394258,120.09028489605285,36.24752131402067,120.69955274394415,112.25069411069347,4.0293689074173695,True,False,228.6,-51.813260896057415
0.4,8.635978368668418,42.17634194135985,92.88075413625158,42.35004410777123,0.12481056703760063,1073.9661551523757,0.0,186.46095187561005,121.00291634088902,39.599990094718855,121.67436693407535,112.3669379722206,2.5763518466409963,True,False,228.6,-42.139048124389944
0.42,9.497968511552642,44.01701545070409,91.18380872208817,44.19943352650307,0.13026229359154406,1169.7156756214094,0.0,190.34165369864175,121.8083095251146,40.70883876503793,122.00854342496753,112.28307182671219,3.2825612959178443,True,False,228.6,-38.258346301358245
0.44,10.396431634832396,45.82358719696196,89.47077912457054,46.01467576952834,0.1356135558133837,1267.658150759566,0.0,194.22235552167348,122.61370270934019,41.81768743535701,122.3427199158597,112.1992056812038,3.988770745194695,True,False,228.6,-34.377644478326516
0.46,11.330682582483803,47.595747953614435,87.74292757073765,47.79547559689722,0.14086348620751504,1367.552527670008,0.0,199.82681113817873,123.5121796867563,43.48408961474844,123.16451079727449,112.16412270555597,4.094245970058332,True,False,228.6,-28.773188861821268
0.48,12.300030250437658,49.33321418794574,86.00155410469279,49.54156113997025,0.14601128567151944,1469.1609287359859,0.0,207.15502054815752,124.50374045736295,45.70804530321223,124.4739160692119,112.17782289976874,3.598986970508759,True,False,228.6,-21.44497945184247
0.5,13.30377813398809,51.035728962635204,84.24802711607406,51.25268360426263,0.15105622262841373,1572.249003086734,0.0,214.48322995813632,125.4953012279696,47.93200099167602,125.7833213411493,112.19152309398152,3.1037279709591843,True,False,228.6,-14.116770041863674
0.52,14.34122432034917,52.70291059597278,82.44112970873016,52.92846429028646,0.1559971821557647,1676.5765873231207,0.0,220.1727930456232,126.52972145951064,49.53404920529676,126.68636343902476,112.16385882500923,3.1410176409703467,True,False,228.6,-8.4272069543768
0.54,15.411646112563488,54.33302228487218,80.57353679251707,54.567158225998334,0.16082902191563858,1781.8158047684274,0.0,225.86235613311007,127.56414169105167,51.1360974189175,127.58940553690022,112.13619455603694,3.178307310981509,True,False,228.6,-2.7376438668899254
0.56,16.514296326724576,55.925749370341094,78.69817799217152,56.168442744254094,0.16555079092637554,1887.7256270489709,0.0,232.86198147414768,128.686998116069,53.14779733396088,128.7270137617621,112.15715032817077,2.7591383650499686,True,False,228.6,4.261981474147689
0.58,17.648425609989317,57.480907043091605,76.81666481590227,57.73212003884469,0.17016190574168719,1994.076291139144,0.0,241.17166906873598,129.89829073456258,55.56914895042689,130.09918811361035,112.2267261414107,1.8835108031757293,True,False,228.6,12.571669068735986
0.6,18.813281398405564,58.998383808194404,74.93031322368336,59.25806108023778,0.17466198517282408,2100.6466096071704,0.0,249.4813566633243,131.1095833530562,57.99050056689292,131.47136246545864,112.29630195465063,1.007883241301485,True,False,228.6,20.88135666332431
0.62,20.008109193319143,60.47809578038174,73.04038332772613,60.74616091885528,0.17905071856834098,2207.221425994372,0.0,253.29018523576784,132.2622366834974,58.89543251191673,132.33351401929272,112.23231004002812,1.5542893755267442,True,False,228.6,24.690185235767842
0.64,21.23215306297999,61.91998278331993,71.1479964234112,62.1963364219298,0.1833278591578913,2313.591716670187,0.0,257.0990138082114,133.41489001393862,59.80036445694054,133.1956655731268,112.1683181254056,2.1006955097520033,True,False,228.6,28.4990138082114
0.66,22.484656078156263,63.32400593678106,69.25415498187309,63.60852566762746,0.1874932222808683,2419.5547789433776,0.0,261.43344570368885,134.61103382854384,60.87088090196305,134.3218248659465,112.11271636059884,2.434181656997673,True,False,228.6,32.83344570368885
0.68,23.764860736543653,64.69014511866965,67.35972799121959,64.98268753676622,0.19154668419783505,2524.9144130662985,0.0,266.2934809222002,135.850668127313,62.10698184698425,135.71199189775174,112.0655047456078,2.5547478172637526,True,False,228.6,37.69348092220022
0.7000000000000001,25.07200929546545,66.01839676953529,65.46551460706803,66.31880125626215,0.19548818075982366,2629.4810813987206,0.0,271.1535161407116,137.09030242608222,63.343082792005454,137.102158929557,112.01829313061677,2.6753139775298322,True,False,228.6,42.553516140711594
0.72,26.405344098830312,67.30877262326858,63.57233784749693,67.61686656891176,0.19931770792420198,2733.072099106044,0.0,276.1640618744905,138.40684916743498,64.61020087112172,138.44102474630108,111.98252975038928,2.669795635873352,True,False,228.6,47.564061874490534
0.74,27.764107576571234,68.56122797595884,61.662653511723136,68.87683252041776,0.20303511184810355,2835.5059345698746,0.0,281.1746076082695,139.72339590878775,65.87731895023798,139.7798905630452,111.94676637016178,2.664277294216872,True,False,228.6,52.57460760826953
0.76,29.147516616777295,69.77196566121206,59.39877637877314,70.09488456466192,0.20662914376863617,2936.290773385698,0.0,287.46288552891787,141.12598046427735,67.56318227232936,141.24844099905323,111.96681075554926,2.186266144675662,True,False,228.6,58.86288552891787
0.78,30.554684925622325,70.93735838939381,57.141336607815475,71.2673841265616,0.21008907230006804,3034.9338548106266,0.0,295.02889563643555,142.6146028339038,69.66779083739586,142.84667605432523,112.0426629065517,1.235762187249722,True,False,228.6,66.42889563643556
0.8,31.984710145976123,72.05765763228614,54.889666872875544,72.39459316508487,0.21341566348875413,3131.266826525919,0.0,302.5949057439533,144.10322520353026,71.77239940246236,144.44491110959723,112.11851505755413,0.285258229823782,True,False,228.6,73.9949057439533
0.8200000000000001,33.43669145586131,73.132990437318,52.6448251281722,73.47665079024642,0.21660932090923998,3225.119499268784,0.0,307.17275743836814,145.5764801704392,72.85995132901232,145.70874835826066,112.12410697377337,0.23944401508556723,True,False,228.6,78.57275743836814
0.84,34.90973095574827,74.16350258017441,50.407769340132944,74.51371500606733,0.2196705035185156,3316.3315638718673,0.0,311.7506091327829,147.0497351373481,73.94750325556227,146.9725856069241,112.12969888999258,0.19362980034735272,True,False,228.6,83.15060913278293
0.86,36.40293385637648,75.14935979703212,48.17950170985381,75.50596199643599,0.22259972357220037,3404.752558072082,0.0,318.00148363839236,148.6190254721971,75.60337034663073,148.55101712888657,112.20667751479607,0.7493503634475792,True,False,228.6,89.40148363839236
0.88,37.91540888492062,76.0907480834168,45.961047180616305,76.45358487714284,0.22539754296736328,3490.241764226102,0.0,325.9253809551964,150.28435117498614,77.8275526022177,150.44404292414808,112.3550428481838,1.9066057043862603,True,False,228.6,97.32538095519638
0.9,39.446268696203674,76.98787381247972,43.75340581907313,77.35679289127717,0.22806457089216003,3572.6681252637995,0.0,333.8492782720004,151.9496768777752,80.05173485780466,152.33706871940961,112.50340818157153,3.0638610453249413,True,False,228.6,105.2492782720004
0.92,40.994630256221114,77.84096292438123,41.55754732944919,78.21581044031382,0.23060146099073792,3651.9101268763266,0.0,334.8148746225281,153.43335733813208,79.86583711309565,153.37376422426783,112.42636874104,2.0576858837710486,True,False,228.6,106.21487462252813
0.9400000000000001,42.55961525742441,78.65025977291958,39.37431718627426,79.03087650321504,0.23300890967189916,3727.855698011572,0.0,335.78047097305586,154.91703779848896,79.67993936838664,154.41045972912605,112.34932930050844,1.0515107222171562,True,False,228.6,107.18047097305586
0.96,44.140350438433984,79.41602511828266,37.20406379819727,79.80224334235078,0.2352876523145294,3800.402028567792,0.0,338.1735177206408,156.4626728023555,79.98521807531671,155.87599199826457,112.31509823528276,0.5911161674744075,True,False,228.6,109.57351772064081
0.98,45.73596787089161,80.13854236087691,35.05106801034007,80.53018493239094,0.23743848814001575,3869.456303747113,0.0,341.994014865283,158.07026234973173,80.78167323388584,157.77036103168336,112.32367554536295,0.676502219542803,True,False,228.6,113.39401486528303
1.0,47.345599041664855,80.81624012084377,32.398121901431644,81.21311163267413,0.23945672133158435,3934.752965336561,0.0,345.81451200992524,159.67785189710798,81.57812839245497,159.66473006510216,112.33225285544313,0.7618882716111983,True,False,228.6,117.21451200992524
1.02,48.96816497407252,81.42798213030211,28.820160005651445,81.82977421329208,0.24127968746742737,3994.109259518141,0.0,348.168646323983,161.2694811985015,81.8540633960424,161.18638535890176,112.2929732884339,0.4917759613944583,True,False,228.6,119.56864632398302
1.04,50.60216872734293,81.95518951104995,23.851021384931496,82.36149478134394,0.2428522975946273,4045.547001313014,0.0,350.52278063804084,162.861110499895,82.12999839962984,162.70804065270138,112.25369372142468,0.22166365117771825,True,False,228.6,121.92278063804085
1.06,52.24571309695199,82.38291188359867,18.928100459870183,82.79324402921134,0.24413021539200702,4087.4248080124885,0.0,353.15461245915657,164.47657162679363,82.49868674293734,164.31475346704178,112.22754341019004,0.16267024059557966,True,False,228.6,124.55461245915657
1.08,53.89683370060112,82.71334484729002,14.246497967894525,83.12722572520147,0.24511991621247067,4119.811915275552,0.0,356.0641417873303,166.11586457919736,82.9601284259649,166.00652380192295,112.21452235472998,0.31479572964804275,True,False,228.6,127.4641417873303
1.1,55.55365623233121,82.95464889029195,9.906568463219507,83.37164031858286,0.24584555888663193,4143.411794534084,0.0,358.97367111550403,167.75515753160113,83.42157010899246,167.69829413680412,112.20150129926992,0.46692121870050585,True,False,228.6,130.37367111550404
1.12,57.21444303303048,83.10969415747255,5.604527331635773,83.52937278694749,0.24631562986751238,4158.438273161769,0.0,359.41716235541907,169.31778504866924,83.01490217315815,169.13805554628544,112.10187314088608,0.5909491533130137,True,False,228.6,130.81716235541907
1.1400000000000001,58.877472914738576,83.17908079773584,1.3405866466526406,83.60102672913389,0.24653188863436265,4164.907397423547,0.0,359.86065359533416,170.88041256573732,82.60823423732384,170.57781695576676,112.00224498250225,0.7149770879255215,True,False,228.6,131.26065359533416
1.16,60.541040314642714,83.16357427715958,-2.884766153335153,83.58737103682796,0.246496582228116,4162.878501370115,0.0,363.2625688419686,172.5722162656908,83.23520983059284,172.36586773957328,112.03217137082439,1.3566757548064299,True,False,228.6,134.66256884196858
1.18,62.20345514547142,83.06395334961454,-7.0716894209622785,83.4891866306415,0.24621199337303248,4152.438198753431,0.0,369.62290809532254,174.39319614852974,84.89582895296518,174.502207897705,112.19165230585249,2.5160451539557647,True,False,228.6,141.02290809532255
1.2,63.863042790488066,82.88103352223241,-11.169919624070218,83.30728993668954,0.24568050976587147,4133.70188626287,0.0,375.9832473486765,176.21417603136865,86.55644807533751,176.63854805583674,112.35113324088059,3.6754145531050995,True,False,228.6,147.38324734867652
1.22,65.518223759725,82.62681747593456,-14.245498534766536,83.05374081503022,0.2449376781988818,4107.921472988064,0.0,375.7860158849736,177.82849547665117,85.89015052669282,177.8024009021803,112.31469754770619,3.309208453228564,True,False,228.6,147.1860158849736
1.24,67.16770720620514,82.31135694125895,-17.29681034504733,82.73863804641091,0.24401326565798795,4076.1607033307146,0.0,375.58878442127076,179.4428149219337,85.22385297804813,178.96625374852388,112.27826185453179,2.9430023533520284,True,False,228.6,146.98878442127076
1.26,68.81027314764174,81.93519870730391,-20.309620394970523,82.3625265522263,0.24290886498825034,4038.545585919301,0.0,376.4483753434829,181.08968246454532,84.93415033116668,180.51495626001187,112.28358706587956,3.014381873777404,True,False,228.6,147.8483753434829
1.28,70.44481308233816,81.5152730287384,-21.495581377083788,81.9424202004588,0.24167464187643253,3996.820781621092,0.0,378.36478865161,182.76909810448612,85.02104258604844,182.44850843664426,112.33067318174946,3.523347014504691,True,False,228.6,149.76478865161002
1.3,72.07075444680754,81.07562268569824,-22.467002428579377,81.50248398566853,0.24038185908100831,3953.3983365546496,0.0,380.28120195973713,184.44851374442692,85.10793484093021,184.38206061327668,112.37775929761938,4.032312155231978,True,False,228.6,151.68120195973714
1.32,73.6877095682986,80.61673370863006,-23.406997801407595,81.04320454501692,0.2390319477325452,3908.35718197394,0.0,378.70099513578344,185.98569584014692,83.97140994444074,185.73400590296814,112.30501817245626,3.3648634177224324,True,False,228.6,150.10099513578345
1.34,75.2953284875561,80.14344123174702,-23.92218186817686,80.56944117246042,0.23763923637782405,3862.1956716071554,0.0,377.12078831182976,187.52287793586692,82.83488504795127,187.0859511926596,112.23227704729314,2.697414680212887,True,False,228.6,148.52078831182976
1.36,76.89337857708819,79.65985691213875,-24.435607235690217,80.08532664523351,0.23621591217038193,3815.3325578622525,0.0,377.5879315888813,189.13326199641966,82.41741786635674,188.72946983404458,112.24482150102385,2.762659593254713,True,False,228.6,148.9879315888813
1.3800000000000001,78.48165455788182,79.16604157906542,-24.94541973509339,79.5909220151472,0.23476215332376912,3767.791783791857,0.0,380.1024249669381,190.81684802180519,82.71900839965714,190.66456182712312,112.34265153364842,3.560598156847911,True,False,228.6,151.5024249669381
1.4000000000000001,80.05995248091773,78.66206221251645,-25.451968899110465,79.08629475181986,0.2332781570353353,3719.59810912342,0.0,382.6169183449948,192.5004340471907,83.02059893295755,192.59965382020164,112.44048156627298,4.3585367204411085,True,False,228.6,154.01691834499482
1.42,81.62806972220505,78.14798372313386,-25.95543309740167,78.57151031779098,0.23176411463736424,3670.7762954506397,0.0,378.8109356640202,193.92859171772614,81.13603585447731,193.65080975770405,112.30833355444025,2.995571474516539,True,False,228.6,150.21093566402018
1.44,83.18580491646719,77.62387009933609,-26.455217154095763,78.04663318228961,0.2302202145871072,3621.3511985459663,0.0,375.0049529830455,195.3567493882616,79.25147277599706,194.70196569520647,112.17618554260753,1.6326062285919543,True,False,228.6,146.4049529830455
1.46,84.73295800930828,77.08978159403618,-26.952066822340147,77.51172389261548,0.22864663382809827,3571.347493813194,0.004999999999999911,373.5441115121038,196.85259733306412,78.18817937794351,196.18016961780114,112.12504568157424,1.0999802802297525,True,False,228.6,144.94411151210383
1.48,86.26933684253027,76.547593098833,-27.07684634185821,76.9686673434827,0.2270489309969345,3520.956946892895,0.014999999999999956,374.42841125119537,198.41613555213377,77.94615566031672,198.08542152548804,112.15491397134039,1.3976936294299707,False,True,228.6,145.82841125119538
1.5,87.79489151009687,76.00872496405974,-26.83235046657505,76.42894617364563,0.2254609783578868,3471.238329361087,0.025,375.31271099028686,199.9796737712034,77.70413194268993,199.99067343317495,112.18478226110653,1.6954069786301886,False,True,228.6,146.71271099028687
1.52,89.30950379459784,75.4520683485297,-27.77234389511526,75.87133514356107,0.2238201623757454,3420.270888192413,0.045000000000000005,373.6436025157084,201.41916085843144,76.60328118986021,201.2752193225903,112.11797291041799,1.147933562652105,False,True,228.6,145.0436025157084
1.54,90.81300995618744,74.89947936138978,-27.48949536695627,75.317810316842,0.22219131084178856,3370.0569591501408,0.065,371.97449404112996,202.85864794565944,75.5024304370305,202.55976521200563,112.05116355972946,0.6004601466740211,False,True,228.6,143.37449404112996
1.56,92.30551336307781,74.3509050303521,-27.418639378254476,74.76831827542664,0.22057426775379338,3320.5832216924664,0.08000000000000002,371.3982943579975,204.32472862212222,74.78028446894179,204.02513410645918,112.02466998378976,0.4270100077593213,False,True,228.6,142.7982943579975
1.58,93.7870662292097,73.80531815743112,-27.140469968407622,74.22182596404319,0.21896598686215016,3271.7502166693075,0.09000000000000001,371.915003466311,205.81740288781972,74.43684328559408,205.67132600595096,112.0384921825989,0.6275831459080052,False,True,228.6,143.31500346631103
1.6,95.25776277210917,73.26524581818968,-26.867642549309707,73.68087451008245,0.2173739663825913,3223.774012679424,0.1,372.43171257462456,207.31007715351723,74.09340210224637,207.31751790544274,112.05231438140805,0.8281562840566892,False,True,228.6,143.83171257462456
1.62,96.71761413376981,72.71949600428748,-27.205131433985613,73.13420860227669,0.21576500173514102,3175.6658783301427,0.12,371.2638361239963,208.70428969703096,73.19636059216523,208.58907760243602,111.99482411621298,0.5204247445701184,False,True,228.6,142.66383612399633
1.6400000000000001,98.16658176863274,72.17820738699054,-26.9268154591833,72.59202409489325,0.2141691735139035,3128.3155732674013,0.14,370.09595967336804,210.09850224054472,72.2993190820841,209.86063729942933,111.9373338510179,0.21269320508354783,False,True,228.6,141.49595967336805
1.6600000000000001,99.604758741262,71.63830286082664,-27.073917631177796,72.05122639395917,0.21257735310182538,3081.449254071051,0.15500000000000003,370.8291182320055,211.56674308531046,72.04156129154612,211.3983098780505,111.96737116631735,0.49468810439987204,False,True,228.6,142.2291182320055
1.68,101.03212830463417,71.09966405978913,-26.79632056243414,71.5116965627015,0.21098919037664704,3035.053817969114,0.16499999999999995,373.46331179990864,213.1090122313282,72.42308722055132,213.20209533829956,112.08493606211131,1.3664094425190816,False,True,228.6,144.86331179990864
1.7,102.44878041944065,70.56648236891823,-26.524035943624032,70.97765027305715,0.2094171245752551,2989.481576106003,0.175,376.0975053678118,214.65128137734592,72.80461314955653,215.00588079854862,112.20250095790527,2.2381307806383006,False,True,228.6,147.49750536781178
1.72,103.85462791726519,70.01839792820519,-27.304458103535527,70.42860977166974,0.20780073698070764,2943.0099925072145,0.19499999999999998,376.3342169214656,216.0843960231183,72.38664005760165,216.1705928768757,112.23794499070908,2.3644856509051975,False,True,228.6,147.73421692146562
1.74,105.24955400870209,69.47515992959488,-27.019958522267387,69.88443876227129,0.20619863483711937,2897.3154428611274,0.21499999999999997,376.57092847511944,217.51751066889068,71.96866696564676,217.3353049552028,112.27338902351289,2.4908405211720948,False,True,228.6,147.97092847511945
1.76,106.63365038637994,68.9325865505058,-27.344451727490984,69.34093115924128,0.20459840919092515,2852.0420090040357,0.22999999999999998,376.951138382858,218.94463070236668,71.60335274226135,218.6862749628828,112.31641897614543,2.668780590432749,False,True,228.6,148.351138382858
1.78,108.00685241029726,68.38856686583732,-27.058486163298817,68.79596374939418,0.20299379571779025,2807.0148548922157,0.23999999999999996,377.47484664468135,220.36575612354628,71.29069738744539,220.22350289991576,112.3670348486067,2.8983058586871606,False,True,228.6,148.87484664468136
1.8,109.36923082365792,67.85021090568786,-26.77797721641788,68.25668863693821,0.20140589881334903,2762.815516903457,0.24999999999999997,377.9985549065047,221.7868815447259,70.97804203262943,221.7607308369487,112.41765072106799,3.1278311269415724,False,True,228.6,149.3985549065047
1.82,110.72069596579206,67.29536568530085,-27.68093581268518,67.70082088887392,0.19976896219462184,2717.6432214945885,0.26999999999999996,376.0643955518056,223.05411067025213,69.86822548878946,222.77311002485706,112.34170531230322,2.5694750761858756,False,True,228.6,147.4643955518056
1.84,112.06108704554111,66.74470343140207,-27.38688100352774,67.14915574652005,0.1981443465063751,2673.1865116338663,0.29,374.1302361971065,224.32133979577839,68.75840894494951,223.7854892127654,112.26575990353845,2.0111190254301787,False,True,228.6,145.53023619710652
1.86,113.3905055189299,66.19583296328962,-27.613535916026816,66.59928770016978,0.1965249549293407,2629.2467640756313,0.305,373.10914134032237,225.61825778770367,67.95609083550075,225.06424880414176,112.2332432324619,1.7582410057161468,False,True,228.6,144.50914134032237
1.8800000000000001,114.70891873537408,65.6464955171357,-27.319225211648718,66.048944368244,0.19490408270489162,2585.64222034686,0.315,373.0011109814531,226.94486464602804,67.4612711604432,226.6093887989861,112.24415529907358,1.8108410170437792,False,True,228.6,144.40111098145312
1.9000000000000001,116.01640413866716,65.10301045701424,-27.03050712318329,65.50448351127885,0.19330049202850888,2542.8671185713474,0.325,372.89308062258385,228.2714715043524,66.96645148538565,228.15452879383042,112.25506736568525,1.8634410283714118,False,True,228.6,144.29308062258386
1.92,117.31292677192044,64.55011133204931,-27.501755565508727,64.95054516755016,0.19166885707739348,2499.7271887706775,0.3449999999999998,371.48234046303196,229.49545079579195,66.06114751271144,229.24064925909943,112.19075981120268,1.5066469676589673,False,True,228.6,142.88234046303197
1.94,118.59844852728617,64.00305329670793,-27.20500241442598,64.40247797310369,0.19005447157515673,2457.4122880791288,0.3649999999999998,370.07160030348007,230.7194300872315,65.15584354003722,230.32676972436843,112.12645225672011,1.1498529069465189,False,True,228.6,141.47160030348007
1.96,119.87307864581857,63.45968101428175,-27.164083870891485,63.85811346632149,0.18845093790026538,2415.746446831763,0.37999999999999995,369.44994749623703,231.97200541970184,64.51242413698792,231.5993570830336,112.10433024299236,1.050075964976297,False,True,228.6,140.84994749623704
1.98,121.1368590785109,62.919338735847724,-26.87115644804787,63.31679200631466,0.18685631059651733,2374.6726450106707,0.39,369.6173820413029,233.25317679320298,64.13088930356355,233.05841133509492,112.12439377001942,1.2073161417483127,False,True,228.6,141.0173820413029
2.0,122.38989086965762,62.38479815161884,-26.58382268265271,62.78130282528239,0.18527882245004487,2334.3920827881398,0.4000000000000001,369.7848165863687,234.53434816670412,63.74935447013917,234.51746558715627,112.1444572970465,1.3645563185203287,False,True,228.6,141.18481658636873
2.02,123.63225302161482,61.85108526753163,-26.60207321704357,62.24664078602203,0.1837037037582752,2294.524223667456,0.42,368.1288184391138,235.68604244396687,62.78989040377135,235.43355578969798,112.06175624481659,0.9352227251653991,False,True,228.6,139.5288184391138
2.04,124.8639734409345,61.3219142179466,-26.315050475450136,61.716543706053706,0.18214198659719683,2255.3403999720344,0.43999999999999995,366.4728202918589,236.83773672122965,61.83042633740354,236.34964599223966,111.9790551925867,0.5058891318104695,False,True,228.6,137.87282029185891
2.06,126.08516380553942,60.797602905548914,-26.124930485473506,61.1913317824934,0.18059461741596472,2216.8548299235235,0.455,365.80254548970134,238.0285385471726,61.19473226238526,237.5550629584217,111.94857174036576,0.3944015687539174,False,True,228.6,137.20254548970135
2.08,127.29590962821572,60.27791244791955,-25.845029888352098,60.67076493802835,0.17906088907580298,2179.0407753483855,0.4650000000000001,366.11799403264126,239.25844792179572,60.882808178716516,239.04980668824405,111.97030588815379,0.600760035995757,False,True,228.6,137.51799403264127
2.1,128.49631726047704,59.763765591810184,-25.570547115101522,60.15577221159996,0.17754354495015245,2141.9554388123793,0.47500000000000014,366.4334425755812,240.48835729641885,60.57088409504778,240.54455041806642,111.99204003594181,0.8071185032375965,False,True,228.6,137.8334425755812
2.12,129.68647772276995,59.25275476297351,-25.438480905598237,59.64393070371033,0.17603543547732217,2105.4171867339523,0.4950000000000002,365.3323705755926,241.61527869369945,59.81165119631977,241.46466212398332,111.93641873557608,0.555119898233875,False,True,228.6,136.73237057559263
2.14,130.86646324678026,58.74669370677429,-25.16809521765521,59.13706629862943,0.17454195083449056,2069.5477776031453,0.5150000000000003,364.231298575604,242.74220009098005,59.052418297591764,242.38477382990018,111.88079743521035,0.30312129323015347,False,True,228.6,135.631298575604
2.16,132.03637671011984,58.245263315250114,-24.979015605883692,58.63485811908323,0.17306214533999573,2034.3156371192197,0.5300000000000002,364.1317778698816,243.91177424923748,58.61997548939198,243.58740911349662,111.88036619079335,0.37211130385578806,False,True,228.6,135.5317778698816
2.18,133.19630361372253,57.74832507969188,-24.715689033747815,58.13716708681612,0.1715956097963516,1999.702563459819,0.5400000000000001,365.03380845842537,245.12400116847175,58.514322771720416,245.07256797477257,111.93512500232507,0.7620899301107645,False,True,228.6,136.43380845842537
2.2,134.34634427384924,57.25660149768311,-24.457517257267664,57.64472085538893,0.17014449324844244,1965.7498789035915,0.5500000000000002,365.93583904696914,246.33622808770602,58.40867005404885,246.55772683604852,111.98988381385678,1.152068556365741,False,True,228.6,137.33583904696914
2.22,135.48656681677028,56.765963309952134,-24.431283604654055,57.1533627083296,0.16869652784334568,1932.1670287061188,0.5700000000000003,365.45648242854037,247.457232112383,57.86364447175752,247.4365234397499,111.97798170722372,1.0941608212906697,False,True,228.6,136.85648242854037
2.24,136.6170170398127,56.27991650674929,-24.174345270073275,56.666622482562644,0.1672621332948862,1899.1884900643531,0.5900000000000004,364.9771258101116,248.57823613705997,57.318618889466194,248.31532004345124,111.96607960059066,1.0362530862155988,False,True,228.6,136.3771258101116
2.2600000000000002,137.73779023873863,55.79732498099028,-24.106528744143752,56.1833566179405,0.16583793538405991,1866.7299885962075,0.6050000000000003,365.6573766254186,249.75355271101114,57.150016416461945,249.53610224584042,112.02055843931085,1.3503409509692563,False,True,228.6,137.05737662541858
2.2800000000000002,138.84893239170236,55.31773258376153,-23.85353720439186,55.703106116316214,0.1644225802631942,1834.7550636759684,0.6150000000000002,367.49723487446136,250.98318183423652,57.35783705274476,251.09887004691745,112.14141822338425,2.0364244155516262,False,True,228.6,138.89723487446136
2.3000000000000003,139.95053295000423,54.84314980889358,-23.605566178144784,55.22789557841934,0.16302204519049113,1803.3905377668605,0.6250000000000002,369.3370931235041,252.2128109574619,57.565657689027574,252.66163784799448,112.26227800745767,2.722507880133996,False,True,228.6,140.73709312350408
2.32,141.04260232694492,54.363392863163895,-23.926542219868903,54.74747057698491,0.1616060617828315,1771.9637788793,0.6449999999999999,368.4758912500927,253.2893752191188,56.90564028948125,253.27225497927773,112.25393751306635,2.5392219115429375,False,True,228.6,139.87589125009268
2.34,142.1251022121644,53.88741323737546,-23.67198394546438,54.2708449452155,0.1602012376330237,1741.0619112411596,0.665,367.61468937668127,254.36593948077575,56.24562288993491,253.882872110561,112.24559701867504,2.3559359429518745,False,True,228.6,139.01468937668128
2.36,143.19811589285393,53.412791066737924,-23.813795588604144,53.795581920920746,0.15880038069621136,1710.523284297893,0.6800000000000002,367.5213874501484,255.47063415663595,55.83754464576641,254.91761508746478,112.27725582130802,2.4224093972459086,False,True,228.6,138.9213874501484
2.38,144.26162601755766,52.9390703288342,-23.559141608451032,53.32122239763264,0.15740213631292294,1680.3164732761188,0.6900000000000003,368.19598547049407,256.60345924669946,55.68140555697576,256.3764839099891,112.34891392096529,2.738642274425051,False,True,228.6,139.59598547049407
2.4,145.31571231614038,52.470391316580915,-23.30960078590128,52.85193632320828,0.15601881489593195,1650.7002276868334,0.7000000000000003,368.87058349083975,257.73628433676294,55.52526646818511,257.8353527325134,112.42057202062256,3.054875151604193,False,True,228.6,140.27058349083975
2.42,146.36033096427025,51.99068819482258,-23.941472274006088,52.371542247612844,0.15460264919459846,1620.664211868326,0.7200000000000002,367.7271524202293,258.7514689569054,54.78904489026762,258.5824376339534,112.39830680695063,2.7954803432260276,False,True,228.6,139.1271524202293
2.44,147.39537394515605,51.514481123164444,-23.680125564223783,51.894664826020716,0.15319681129064222,1591.1240829837707,0.7400000000000001,366.5837213496189,259.76665357704786,54.05282331235012,259.3295225353934,112.3760415932787,2.536085534847862,False,True,228.6,137.9837213496189
2.46,148.420928340358,51.03974180257256,-23.839920316997727,51.41926108777826,0.15179527114973715,1561.9495337302292,0.7550000000000002,365.8611369874525,260.79118774380333,53.45652946737529,260.3036676947774,112.37500114387183,2.4145580517951526,False,True,228.6,137.2611369874525
2.48,149.43697269214874,50.56556471042804,-23.578679387477617,50.94441902568486,0.15039533699843552,1533.0830055104918,0.7650000000000003,365.55939933373025,261.8250714571718,53.00016335534312,261.5048731121054,112.39518545873,2.4308978940679067,False,True,228.6,136.95939933373026
2.5,150.44358539695213,50.09655950697029,-23.32270867710237,50.474782504266614,0.14901071905244978,1504.8002541338315,0.7750000000000004,365.257661680008,262.8589551705403,52.54379724331095,262.70607852943334,112.41536977358817,2.4472377363406608,False,True,228.6,136.65766168000803
2.52,151.44076465495158,49.6212477296973,-23.68605177305428,49.998787554276326,0.14760727899513917,1476.409348279341,0.7950000000000003,363.785653943859,263.7986967545586,51.71725104729241,263.51988462220453,112.36502453767234,2.092691562526352,False,True,228.6,135.18565394385902
2.54,152.4284699497258,49.15015486388775,-23.42413136130381,49.527038382615544,0.1462163228500593,1448.541199243953,0.8150000000000002,362.31364620770995,264.7384383385768,50.89070485127387,264.3336907149757,112.31467930175651,1.7381453887120433,False,True,228.6,133.71364620770996
2.56,153.40679887598702,48.68263124697481,-23.36315893157671,49.05888073446521,0.14483592016740654,1421.1505663187731,0.8300000000000003,361.46340224833534,265.69982053134817,50.269035237428746,265.3082966383911,112.29766846029307,1.5841183374427839,False,True,228.6,132.86340224833535
2.58,154.37579605873816,48.21794352419073,-23.10616389340142,48.593576036960435,0.14346389136553248,1394.1888970050218,0.8400000000000004,361.23492206573513,266.6828433328725,49.85224220575706,266.44370239245075,112.313992013282,1.6306104087185829,False,True,228.6,132.63492206573514
2.6,155.33555056812594,47.75834669409098,-22.854375391427105,48.13339694017133,0.14210694703138313,1367.78044272936,0.8500000000000004,361.0064418831349,267.6658661343969,49.43544917408536,267.57910814651035,112.33031556627094,1.6771024799943817,False,True,228.6,132.40644188313493
2.62,156.28612657444336,47.29975134927353,-22.82027237224629,47.67422274650742,0.14075292234818917,1341.6846709250106,0.8700000000000003,359.54912692973096,268.5517830179687,48.625305989183765,268.3129213634597,112.27249027960247,1.3220061766102194,False,True,228.6,130.94912692973097
2.64,157.2275741796068,46.845837164628605,-22.571994817434284,47.21976207725371,0.1394127673764154,1316.1065110354225,0.8900000000000002,358.09181197632694,269.43769990154055,47.81516280428217,269.04673458040907,112.21466499293398,0.9669098732260568,False,True,228.6,129.49181197632694
2.66,158.15999059891237,46.396348902199634,-22.379650169769246,46.769758178203176,0.13808572514223322,1291.0239816985677,0.9050000000000004,357.2345744275908,270.34363641165305,47.20434681219525,269.9571324752457,112.18809787930826,0.8056166696000514,False,True,228.6,128.63457442759082
2.68,159.08345756390236,45.95116469688848,-22.139603421966026,46.32408872982269,0.13677143551398713,1266.4230839726224,0.9150000000000005,356.9774142835225,271.2695925483062,46.79285801292302,271.0441150479697,112.1927889387253,0.8381265657322117,False,True,228.6,128.37741428352248
2.7,159.99806868681702,45.51073275178642,-21.904387357738802,45.883206031051856,0.13547123492422591,1242.3212671159367,0.9250000000000005,356.7202541394542,272.19554868495936,46.38136921365079,272.13109762069365,112.19747999814234,0.8706364618643718,False,True,228.6,128.1202541394542
2.72,160.90391399327194,45.0744097445826,-21.715724765681113,45.44646210977584,0.13418321123261542,1218.6761032318643,0.9450000000000006,356.10067908240626,273.07537217599315,45.85702868485689,272.96662640711,112.17796076705935,0.7793671155225024,False,True,228.6,127.50067908240626
2.74,161.8010742669927,44.64237701203074,-21.4883145747373,45.01404030295013,0.13290790669918712,1195.490742511622,0.9650000000000007,355.4811040253583,273.95519566702694,45.332688156062986,273.80215519352635,112.15844153597635,0.6880977691806328,False,True,228.6,126.88110402535833
2.7600000000000002,162.68963891390314,44.21480390495319,-21.270933807091527,44.58611188520473,0.13164582799291505,1172.7673916093793,0.9800000000000005,355.1393972742509,274.84027182007287,44.90273684613948,274.6972185806718,112.15486523439311,0.6857558391934383,False,True,228.6,126.53939727425089
2.7800000000000002,163.56969545336568,43.79157955382182,-21.05223129701925,44.162565644090556,0.13039664770217496,1150.4932650833584,0.9900000000000002,355.07555882908406,275.7306006351309,44.56717475508638,275.6518165685464,112.16723186230965,0.772341325560915,False,True,228.6,126.47555882908406
2.8000000000000003,164.44133095996278,43.37268585210488,-20.837850300959474,43.74338389625194,0.1291603145490015,1128.6607027007879,1.0,355.01172038391724,276.62092945018895,44.23161266403327,276.60641455642093,112.17959849022617,0.8589268119283915,False,True,228.6,126.41172038391724
2.82,165.30463099008756,42.95801640472898,-20.62877110448711,43.32845993590398,0.12793651438008696,1107.2576024762936,1.0,353.54623819769375,277.40542556861703,43.433493487967574,277.19396943311074,112.10697298640201,0.5583466523593141,False,True,228.6,124.94623819769376
2.84,166.15967936502278,42.547509012676066,-20.422646532689992,42.917731622391294,0.12672506460295896,1086.2743994926423,1.0,352.0807560114702,278.18992168704506,42.635374311901856,277.7815243098006,112.03434748257786,0.25776649279023023,False,True,228.6,123.48075601147022
2.86,167.00655855225716,42.141083796527006,-20.220536429422694,42.51111898474765,0.12552572995424302,1065.7008241592048,1.0,351.5496796133999,279.0156163494667,42.153421860213555,278.63849231634225,112.013082101055,0.18231829448564563,False,True,228.6,122.94967961339992
2.88,167.84534939832872,41.738661448304896,-20.022343240923647,42.1085426260347,0.12433827684139331,1045.526855613293,1.0,351.9530090034828,279.8825095558819,41.98763613290269,279.76487345273574,112.04317684183347,0.33200205744557043,False,True,228.6,123.35300900348281
2.9,168.67613117968511,41.340164585186336,-19.827972402154806,41.709925089052334,0.1231624773760356,1025.7427834682253,1.0,352.3563383935657,280.74940276229705,41.82185040559183,280.8912545891292,112.07327158261194,0.48168582040549524,False,True,228.6,123.7563383935657
2.92,169.4989816477315,40.9455176817891,-19.637332220724527,41.315190788806945,0.12199810917536004,1006.3391960182458,1.0,352.3625998715627,281.57902228014143,41.52611663410186,281.62251777129825,112.08592255045262,0.5777757948583552,False,True,228.6,123.76259987156268
2.94,170.3139770615029,40.55464701870132,-19.45033377699681,40.92426596100064,0.12084495521077282,987.3069696211284,1.0,352.3688613495596,282.40864179798575,41.2303828626119,282.3537809534674,112.0985735182933,0.6738657693112151,False,True,228.6,123.76886134955961
2.96,171.1211922232514,40.167480627999346,-19.266890825747932,40.53707860757286,0.1197028036478208,968.6372582858684,1.0,352.6127347885888,283.2438809940916,41.01770669667467,283.1848557404436,112.1265241668465,0.8484262851433846,False,True,228.6,124.0127347885888
2.98,171.92070051216547,39.7839482285018,-19.086919695788257,40.153558444030985,0.11857144769136993,950.3214836887055,1.0,353.0942201886501,284.084739868459,40.88808813629021,284.115742132227,112.16977449611218,1.101457342354867,False,True,228.6,124.49422018865013
3.0,172.71257391744848,39.403981176339386,-18.910339178875642,39.77363684912821,0.11745068543768811,932.3513256271075,1.0,353.5757055887115,284.92559874282637,40.758469575905735,285.04662852401043,112.21302482537789,1.3544883995663497,False,True,228.6,124.97570558871152
3.02,173.49688307904268,39.02751253524145,-18.73707053617933,39.397246816797384,0.11634031973317623,914.7187128892168,1.0,353.5374050351609,285.7240225226452,40.45532694796716,285.7361800118366,112.2327521238015,1.4252477616025343,False,True,228.6,124.93740503516088
3.04,174.27369730453802,38.65447678669805,-18.5670373212652,39.02432290652838,0.1152401580284456,897.4158143496626,1.0,353.49910448161023,286.52244630246406,40.15218432002859,286.42573149966273,112.25247942222512,1.4960071236387187,False,True,228.6,124.89910448161024
3.06,175.04308460974363,38.28480996846525,-18.400165316705078,38.65480120015407,0.11415001225133116,880.4350306459578,1.0,353.54421358329444,287.31750126313307,39.87976739863228,287.1941178886626,112.27808032074535,1.5933195289710542,False,True,228.6,124.94421358329444
3.08,175.80511174585797,37.91844958028572,-18.236382463969306,38.28861925725029,0.11306969867577117,863.768986058837,1.0,353.6727323402135,288.10918740465223,39.63807618377824,288.0413391788362,112.30955481936218,1.717184977599542,False,True,228.6,125.07273234021349
3.1,176.5598442281924,37.55533454269617,-18.075618789326903,37.92571607301815,0.1119990377979989,847.4105207642008,1.0,353.8012510971326,288.9008735461714,39.3963849689242,288.8885604690098,112.34102931797901,1.8410504262280298,False,True,228.6,125.2012510971326
3.12,177.30734636480747,37.195405154506474,-17.917806337253335,37.56603203637714,0.1109378542133368,831.3526833410411,1.0,354.54371469325747,289.71618996248696,39.369752875352425,289.78498429756087,112.41421124729462,2.1720094069150235,False,True,228.6,125.94371469325748
3.14,178.04768128272445,36.83860305481687,-17.76287909519349,37.20950889188877,0.10988597650428039,815.5887236862467,1.0,355.2861782893823,290.53150637880253,39.34312078178065,290.681408126112,112.48739317661024,2.5029683876020172,False,True,228.6,126.6861782893823
3.16,178.78091095488537,36.48487118388686,-17.610772932991402,36.856089700730806,0.10884323712576101,800.1120861101768,1.0,355.3508379675001,291.301165804262,39.08388105225701,291.39929452413566,112.52376208314155,2.5975163285408214,False,True,228.6,126.75083796750013
3.18,179.50709621735552,36.13415375574533,-17.461425544451053,36.505718813464995,0.10780947232520689,784.9164031580395,1.0,354.7376937276108,292.02516823886543,38.5920336867815,291.938643491632,112.52331796688856,2.4556532297314253,False,True,228.6,126.13769372761081
3.2,180.22629682283326,35.78639619038396,-17.314776368561173,36.15834180229767,0.10678452194300898,769.9954878856466,1.0,354.1245494877215,292.7491706734688,38.10018632130599,292.47799245912825,112.52287385063556,2.3137901309220297,False,True,228.6,125.52454948772149
3.22,180.9385714324054,35.4415451154655,-17.170766546769897,35.81390546292164,0.10576822941837642,755.3433293514482,1.0,352.92871761286887,293.4097099653238,37.40672602621661,293.11199292152617,112.47628274620266,1.9630465958500862,False,True,228.6,124.32871761286887
3.24,181.6439776322706,35.09954834023247,-17.02933888230982,35.47235778881418,0.10476044171387099,740.9540870550466,1.0,351.73288573801625,294.0702492571788,36.71326573112724,293.74599338392414,112.42969164176976,1.6123030607781428,False,True,228.6,123.13288573801626
3.2600000000000002,182.34257203037805,34.760354742385125,-16.890437730593458,35.133647857784865,0.10376100898087391,726.8220819022719,1.0,350.85548132372253,294.73955622174424,36.13152681142458,294.42909327923945,112.40034864460912,1.3698077288570774,False,True,228.6,122.25548132372253
3.2800000000000002,183.03441017120605,34.4239143541322,-16.754009011891355,34.797725918833414,0.10276978481637923,712.9417957594898,1.0,350.29650436998776,295.4176308590202,35.66150926710863,295.1612926074722,112.38825375472076,1.2355606000868855,False,True,228.6,121.69650436998776
3.3000000000000003,183.71954663146374,34.09017825147599,-16.62000012774689,34.464543281159585,0.10178662593570334,699.3078628484622,1.0,349.73752741625293,296.09570549629615,35.191491722792684,295.8934919357049,112.3761588648324,1.1013134713166934,False,True,228.6,121.13752741625294
3.3200000000000003,184.3980350122311,33.75909855615539,-16.48835992277227,34.134052316608354,0.10081139218005652,685.9150660589503,1.0,348.49236671103415,296.7020498694922,34.474113942543234,296.43659466857184,112.30895494261067,0.7130639881971117,False,True,228.6,119.89236671103416
3.34,185.06992797222028,33.430628393337706,-16.35903863701328,33.80620641759607,0.0998439463926748,672.7583315633852,1.0,347.24720600581537,297.3083942426883,33.756736162293805,296.97969740143884,112.24175102038893,0.32481450507753873,False,True,228.6,118.64720600581538
3.36,185.7352772398795,33.10472187320197,-16.231987807207528,33.48095997902575,0.09888415436576153,659.8327245563303,1.0,346.75211398847455,297.95203710088975,33.31420046766496,297.6823006084428,112.21999378485599,0.2082302703123759,False,True,228.6,118.15211398847455
3.38,186.39413363832136,32.78133406004824,-16.10716016689468,33.15826836761911,0.09793188475027029,647.1334446197611,1.0,347.00709065901174,298.6329784440966,33.14650685865674,298.54440428958384,112.24368323601183,0.36331128390164413,False,True,228.6,118.40709065901174
3.4,187.0465471001358,32.460420952157605,-15.984509718866233,32.83808790230141,0.09698700899830744,634.655821659536,1.0,347.2620673295489,299.31391978730346,32.97881324964852,299.4065079707249,112.26737268716766,0.5183922974909123,False,True,228.6,118.66206732954893
3.42,187.6925666870643,32.14193945510956,-15.863991715197042,32.52037582781462,0.09604940128553036,622.3953116967864,1.0,346.71583392821185,299.9283945193243,32.51620518811522,299.86917461226903,112.24058114750372,0.37247886563241006,False,True,228.6,118.11583392821186
3.44,188.3322406076192,31.825847357595695,-15.745562615673277,32.2050902909085,0.09511893844114637,610.3474928837006,1.0,346.1696005268747,300.5428692513451,32.053597126581934,300.33184125381314,112.21378960783979,0.22656543377390775,False,True,228.6,117.56960052687472
3.46,188.96561623506398,31.512103306836025,-15.62918005275655,31.892190316188387,0.0941954998768878,598.5080616238276,1.0,345.8614567920447,301.1624336208508,31.681704729479492,300.9277525681404,112.1999317922512,0.16845760833371815,False,True,228.6,117.2614567920447
3.48,189.59274012365546,31.2006667865122,-15.51480279001582,31.581635784488185,0.09327896752343356,586.8728289014066,1.0,345.7914027237217,301.78708762784134,31.400527996807906,301.6569085552509,112.19900770073801,0.19815538931184506,False,True,228.6,117.19140272372172
3.5,190.21365802560712,30.891498093846348,-15.402390689444132,31.273387410394573,0.09236922576431528,575.4377166859189,1.0,345.72134865539874,302.4117416348319,31.11935126413632,302.3860645423613,112.1980836092248,0.22785317028997198,False,True,228.6,117.12134865539875
3.52,190.82841490761683,30.584558317297237,-15.291904680171491,30.967406720500232,0.0914661613719667,564.1987544687906,1.0,345.61217291289864,303.016466219479,30.826729262995062,302.98210525318956,112.19263348912511,0.2405325474278022,False,True,228.6,117.01217291289865
3.54,191.43705496437752,30.279809318554918,-15.183306711058137,30.663656035862207,0.09056966345618168,553.1520760532146,1.0,345.50299717039854,303.62119080412606,30.534107261853805,303.57814596401784,112.18718336902543,0.2532119245656324,False,True,228.6,116.90299717039855
3.56,192.0396216363676,29.977213708813274,-15.07655973704277,30.36209844879324,0.08967962339583002,542.2939162309118,1.0,345.95239947112134,304.2582168529673,30.45744342160414,304.2829460808094,112.2216000427205,0.4791803557917991,False,True,228.6,117.35239947112134
3.58,192.636157624082,29.67673482985337,-14.971627683245176,30.062697804634617,0.08879593478527473,531.620607734636,1.0,346.9603798150671,304.92754436600256,30.59673774224607,305.0965056035643,112.29588351021029,0.9184378411063117,False,True,228.6,118.36037981506709
3.6,193.22670490133783,29.378336736467176,-14.868475407432907,29.765418684794334,0.08791849338451783,521.1285783213398,1.0,347.9683601590128,305.5968718790379,30.736032062888,305.9100651263192,112.37016697770008,1.3576953264208242,False,True,228.6,119.36836015901278
3.62,193.8113047302632,29.08198417679421,-14.767068679153837,29.47022638769286,0.08704719706316034,510.81434786418333,1.0,348.40770435817757,306.2293182827311,30.656714631711488,306.37302420890705,112.42243872045479,1.5732264864301133,False,True,228.6,119.80770435817757
3.64,194.3899976746481,28.787642574838713,-14.667374148999754,29.17708691200815,0.08618194575114432,500.67452560731056,1.0,348.84704855734236,306.86176468642435,30.57739720053497,306.835983291495,112.4747104632095,1.7887576464394026,False,True,228.6,120.24704855734237
3.66,194.96282361337848,28.49527801299697,-14.569359322948925,28.88596693990132,0.08532264138943096,490.7058074968848,1.0,349.4505326594303,307.5000686448175,30.56311134704057,307.44630369553613,112.54014927334984,2.066869634139808,False,True,228.6,120.85053265943029
3.68,195.52982175345085,28.204857215174417,-14.472992536913523,28.596833820918288,0.08446918788266812,480.9049736099318,1.0,350.2181566644414,308.14423015791056,30.61385707122829,308.2039854210306,112.61875515087577,2.4075624495313326,False,True,228.6,121.61815666444139
3.7,196.09103064260194,27.916347530493145,-14.378242931706339,28.30965555649679,0.0836214910536391,471.2688856751718,1.0,350.9857806694524,308.78839167100364,30.664602795416002,308.9616671465251,112.6973610284017,2.7482552649228573,False,True,228.6,122.38578066945243
3.72,196.64648818167882,27.62971691739453,-14.285080429503266,28.024400784920214,0.08277945859902457,461.79448467741906,1.0,350.36765779371325,309.3351488025027,30.180922929784796,309.2458337498566,112.69294159393083,2.5498241618826483,False,True,228.6,121.76765779371325
3.74,197.19623163665887,27.34493392825941,-14.19347571073421,27.74103876683516,0.08194300004682331,452.4787885466356,1.0,349.7495349179741,309.8819059340018,29.697243064153593,309.5300003531882,112.68852215945995,2.351393058842439,False,True,228.6,121.14953491797408
3.7600000000000002,197.74029765038233,27.061967694462947,-14.103400191933945,27.45953937124453,0.08111202671517154,443.3188899258711,1.0,348.82012851775977,310.3940970017802,29.087524931293245,309.9071565788057,112.65661118014839,2.0246714667343286,False,True,228.6,120.22012851775978
3.7800000000000002,198.27872225398698,26.780787911865918,-14.014826004367459,27.179873061991998,0.08028645167260745,434.31195401596113,1.0,347.57943859307045,310.87172200583797,28.351768531203764,310.3773024267092,112.59720865599616,1.5696593855583225,False,True,228.6,118.97943859307045
3.8000000000000003,198.81154087805186,26.501364826731965,-13.927725973325323,26.902010884721783,0.07946618969973443,425.4552164938849,1.0,346.33874866838113,311.3493470098958,27.61601213111428,310.8474482746127,112.53780613184392,1.1146473043823164,False,True,228.6,117.73874866838113
3.8200000000000003,199.3387883634719,26.223669222044517,-13.842073598153839,26.625924454294537,0.07865115725222577,416.74598150169635,1.0,345.3948456193345,311.8090941268656,26.991488142972,311.46152558193245,112.47445414250213,0.7665484100888547,False,True,228.6,116.7948456193345
3.84,199.86049897206317,25.94767240421834,-13.757843032967537,26.351585942654047,0.07784127242515582,408.1816197034997,1.0,344.4509425702879,312.26884124383537,26.36696415482973,312.0756028892522,112.41110215316033,0.4184495157954008,False,True,228.6,115.85094257028791
3.86,200.37670669885694,25.673345937583637,-13.675008887694599,26.078967813357195,0.07703645416925922,399.75955861587954,1.0,344.2211123366877,312.7747266796829,26.03931698085985,312.71604966514917,112.40074693109916,0.3651563245154008,False,True,228.6,115.62111233668773
3.88,200.88744426314992,25.400662483959817,-13.593546818359314,25.80804366367156,0.07623662477765915,391.47730712833146,1.0,344.70535491853394,313.3267504344081,26.00854662106239,313.3828659096233,112.44338847631863,0.6066688362488758,False,True,228.6,116.10535491853395
3.9,201.3927441675952,25.129594913282578,-13.513432887733662,25.53878733976908,0.07544170727335205,383.33242651249327,1.0,345.18959750038016,313.8787741891333,25.97777626126493,314.04968215409747,112.48603002153811,0.8481813479823508,False,True,228.6,116.58959750038017
3.92,201.8926386519073,24.860116338828746,-13.434643572363122,25.27117296812482,0.07465162550202192,375.3225304125394,1.0,344.8955112182163,314.36565115003987,25.618735309325302,314.35504986248316,112.4770390399495,0.7574501567587189,False,True,228.6,116.29551121821632
3.94,202.3871592376684,24.592200493398682,-13.357156028553943,25.005175334992206,0.07386630525272503,367.4452950368097,1.0,344.60142493605247,314.85252811094637,25.259694357385673,314.6604175708689,112.46804805836089,0.6667189655350868,False,True,228.6,116.00142493605247
3.96,202.87633691800926,24.32582156762225,-13.28094796852708,24.74076972642085,0.0730856737856213,359.6984529447807,1.0,344.55488308021546,315.3493707801824,25.0086833684941,315.1325456669655,112.47568256222566,0.6821122752391854,False,True,228.6,115.95488308021547
3.98,203.36020217668823,24.060954190387942,-13.205997640189059,24.477931910365996,0.07230965977927538,352.0797912534095,1.0,344.7558856507052,315.856179157748,24.86570234265059,315.771434150773,112.4999425515438,0.8036300858710194,False,True,228.6,116.15588565070519
4.0,203.8387849944516,23.797573420304225,-13.132283813002282,24.216638129908183,0.07153819331076183,344.5871502153565,1.0,344.9568882211949,316.36298753531355,24.72272131680708,316.41032263458055,112.52420254086195,0.9251478965028532,False,True,228.6,116.35688822119491
4.0200000000000005,204.3121148600987,23.53565473323243,-13.059785762475512,23.956865092627446,0.07077120582441104,337.2184217223501,1.0,343.90159103952107,316.75828364634816,24.02367495032641,316.5612832987226,112.45008317971877,0.6232327680420949,False,True,228.6,115.30159103952107
4.04,204.78022077083074,23.275174019040413,-12.988483258424166,23.698589969306468,0.0700086301281012,329.9715481085357,1.0,342.8462938578473,317.1535797573828,23.324628583845772,316.7122439628647,112.3759638185756,0.32131763958134996,False,True,228.6,114.24629385784729
4.0600000000000005,205.24313124911862,23.01610756440481,-12.918356550010435,23.44179037878766,0.06925040034865823,322.8445205938869,1.0,342.31175678089465,317.577284071005,22.858746195939002,317.12478653668404,112.33672960091678,0.15805109000540496,False,True,228.6,113.71175678089466
4.08,205.7008743462415,22.758432047060815,-12.849386352855852,23.18644438440011,0.06849645192141969,315.83537808977576,1.0,342.2979798086632,318.0293965872148,22.62602778660612,317.7989110201805,112.33238052674233,0.133433119314262,False,True,228.6,113.69797980866318
4.1,206.15347765085681,22.502124525896356,-12.781553836016649,22.932530486339843,0.06774672156784518,308.94220592005814,1.0,342.28420283643163,318.4815091034247,22.393309377273237,318.473035503677,112.32803145256787,0.10881514862311903,False,True,228.6,113.68420283643164
4.12,206.6009682966723,22.247162431817088,-12.714840610493303,22.680027614955236,0.06700114727579719,302.1631345976985,1.0,342.0552189722513,318.9006325222352,22.061922828422826,318.8452557070241,112.30347541779831,0.18622928283083978,False,True,228.6,113.45521897225129
4.14,207.04337296954924,21.993523559337252,-12.649228715971287,22.42891512489885,0.06625966828237767,295.49633865333533,1.0,341.8262351080709,319.31975594104574,21.730536279572434,319.21747591037115,112.27891938302875,0.2636434170385571,False,True,228.6,113.22623510807088
4.16,207.48071791475894,21.74118605802019,-12.584700609673295,22.179172789259173,0.06552222505670285,288.9400354902468,1.0,342.02356135722556,319.7683442613863,21.6024724304971,319.7161483913775,112.2901369454855,0.34441251476246604,False,True,228.6,113.42356135722557
4.18,207.9130289425213,21.49012842539259,-12.521239155835488,21.93078079533324,0.06478875928752127,282.49248430801225,1.0,342.6471977197153,320.2463974832569,21.67773128119686,320.3412731500431,112.33712810516856,0.4285365760025598,False,True,228.6,114.04719771971529
4.2,208.34033144027586,21.240329494653967,-12.458827612538835,21.683719735363795,0.06405921385595849,276.15198492066185,1.0,343.270834082205,320.7244507051275,21.752990131896624,320.9663979087087,112.38411926485162,0.5126606372426572,False,True,228.6,114.670834082205
4.22,208.76265037410116,20.991768431069534,-12.397449622262329,21.437970606109918,0.06333353283434676,269.91687682875505,1.0,343.37727955506244,321.15802697881503,21.583180612921435,321.2368464701601,112.3990928409792,0.5905016924586755,False,True,228.6,114.77727955506245
4.24,209.1800102936138,20.744424725685207,-12.337089202225293,21.193514805940936,0.06261166147773842,263.78553824495225,1.0,343.48372502791995,321.5916032525026,21.41337109394624,321.5072950316115,112.41406641710675,0.668342747674697,False,True,228.6,114.88372502791995
4.26,209.5924353440983,20.498278183421643,-12.277730733104802,20.950334126518044,0.0618935461994331,257.75638500538815,1.0,343.64277017683565,322.0232969197592,21.2711236921089,321.89718656387913,112.43331128880156,0.7722617752562579,False,True,228.6,115.04277017683566
4.28,209.9999492694111,20.25330891851895,-12.219358949697869,20.70841075202889,0.06117913456880882,251.82786969299227,1.0,343.8544150018097,322.4531079805849,21.156438407409418,322.4065210669631,112.45682745606362,0.9022587752033674,False,True,228.6,115.25441500180969
4.3,210.4025754180849,20.009497347559467,-12.161958931367437,20.46772725622524,0.06046837530266313,245.9984807224814,1.0,344.06605982678366,322.88291904141056,21.041753122709938,322.91585557004703,112.48034362332567,1.032255775150471,False,True,228.6,115.46605982678366
4.32,210.80033674948027,19.76682418250066,-12.105516093303812,20.22826659972194,0.05976121825732421,240.2667414495158,1.0,343.84396083308775,323.2663394321163,20.716952645343568,323.20040780637817,112.46963158306616,0.9492912517605703,False,True,228.6,115.24396083308775
4.34,211.19325583982658,19.525270423882695,-12.050016177046597,19.99001212772033,0.05905761442201358,234.63120930695084,1.0,343.6218618393918,323.649759822822,20.392152167977212,323.4849600427093,112.45891954280667,0.866326728370673,False,True,228.6,115.02186183939179
4.36,211.58135488737446,19.284817354863886,-11.995445244344253,19.7529475688809,0.05835751591560163,229.09047498381352,1.0,343.44719733078324,324.02995252352184,20.090544729542604,323.83627694468885,112.4509913624988,0.8051908056446901,False,True,228.6,114.84719733078325
4.38,211.9646557262082,19.045446528653564,-11.941789662006366,19.517057027845823,0.057660875964606555,223.64316147233725,1.0,343.3199673072621,324.40691753421584,19.812130330039775,324.25435851231686,112.44584704214255,0.7658834835826287,False,True,228.6,114.71996730726212
4.4,212.34317982312353,18.80713976901637,-11.889036097546581,19.282324991028165,0.056967648920373766,218.28792343976605,1.0,343.19273728374094,324.78388254490983,19.533715930536935,324.67244007994486,112.4407027217863,0.7265761615205655,False,True,228.6,114.59273728374095
4.42,212.7169482872332,18.569879161175063,-11.837171511167588,19.048736323218755,0.05627779024913488,213.0234463961212,1.0,342.69648792545775,325.1096695043297,19.06196602243439,324.9394723841543,112.39626983760546,0.4913176572949502,False,True,228.6,114.09648792545775
4.44,213.08598185051335,18.33364706392488,-11.78618315700604,18.81627628601268,0.05559125658650937,207.8484463612379,1.0,342.20023856717455,325.4354564637496,18.590216114331827,325.20650468836374,112.35183695342462,0.2560591530693245,False,True,228.6,113.60023856717456
4.46,213.45030091077854,18.098426076264438,-11.73605856619671,18.584930510884853,0.054908005658062184,202.76166852154458,1.0,342.2698532303374,325.8075393410856,18.4178015036856,325.6527636361155,112.35958071769493,0.3188826852623894,False,True,228.6,113.6698532303374
4.48,213.8099255204097,17.864199043644273,-11.686785543586282,18.354685012322594,0.054227996318166695,197.76188680582726,1.0,342.9053319149462,326.2259181363378,18.544722190495698,326.27824922740956,112.41950113041636,0.6797882538741504,False,True,228.6,114.30533191494621
4.5,214.16487538845217,17.630949054819894,-11.638352159667093,18.12552619206828,0.053551188562611325,192.84790326033834,1.0,343.540810599555,326.64429693158996,18.67164287730579,326.9037348187036,112.47942154313779,1.0406938224858955,False,True,228.6,114.94081059955502
4.5200000000000005,214.5151698878492,17.398659434810423,-11.59074674445502,17.8974408399304,0.05287754353107002,188.0185473549681,1.0,343.9072855142442,327.0396799219214,18.65484406824354,327.17433950865023,112.52798493435976,1.2554787209748361,False,True,228.6,115.30728551424423
4.54,214.8608280609626,17.167313739016247,-11.543957882997322,17.670416136271513,0.052207023514524165,183.27267533289057,1.0,344.2737604289334,327.43506291225276,18.638045259181297,327.4449441985969,112.57654832558174,1.4702636194637675,False,True,228.6,115.67376042893338
4.5600000000000005,215.20186862311408,16.936895749202343,-11.497974407778782,17.444439656921116,0.05153959196984637,178.60916961567773,1.0,344.43392582052155,327.8064993650065,18.51369698873446,327.74367552557686,112.60692582109641,1.5763493384057305,False,True,228.6,115.83392582052156
4.58,215.5383099690021,16.707389466226296,-11.452785400734216,17.21949937544526,0.050875213526575286,174.02693815670517,1.0,344.38778168900876,328.1539892801825,18.281799256903053,328.0705334895903,112.61911742090376,1.5737358778007255,False,True,228.6,115.78778168900877
4.6000000000000005,215.8701701746474,16.478779107875916,-11.408380179647718,16.995583671244663,0.05021385401090676,169.52491391677617,1.0,344.3416375574959,328.5014791953585,18.049901525071636,328.39739145360363,112.63130902071111,1.5711224171957205,False,True,228.6,115.74163755749592
4.62,216.19746700241888,16.251049103375774,-11.364748296034563,16.772681334935076,0.04955548046165615,165.10205428272803,1.0,343.8573429420381,328.7915857179954,17.57470310769735,328.60828133904505,112.59752601082104,1.3230071605957214,False,True,228.6,115.2573429420381
4.64,216.5202179056983,16.02418408821355,-11.321879531823361,16.550781574833508,0.048900061149486806,160.75734050833145,1.0,343.3730483265802,329.08169224063226,17.099504690323066,328.81917122448647,112.56374300093098,1.0748919039957225,False,True,228.6,114.77304832658021
4.66,216.83844003180883,15.79816890090006,-11.27976389135145,16.329874026173208,0.04824756560419846,156.48977720653104,1.0,343.1470509017836,329.3896862627975,16.76808491358415,329.1407951963042,112.55349804958452,0.9695022798660613,False,True,228.6,114.54705090178359
4.68,217.1521502275467,15.572988576823038,-11.238391601619144,16.109948758336248,0.04759796463615933,152.29839179890683,1.0,343.1793506676482,329.715567784491,16.580443777480653,329.57315325449827,112.56679115678165,1.00683828820676,False,True,228.6,114.57935066764819
4.7,217.46136504220567,15.348628344829685,-11.197753105518837,15.890996285782931,0.046951230368658184,148.18223403196583,1.0,343.2116504335128,330.04144930618446,16.392802641377145,330.0055113126923,112.58008426397879,1.0441742965474603,False,True,228.6,114.61165043351278
4.72,217.76610073159247,15.125073622733195,-11.157839058277592,15.673007578921919,0.04630733627008107,144.14037548447362,1.0,342.9977635129161,330.32952314806647,16.06089326407489,330.2375270498666,112.56676782176535,0.9352280865048767,False,True,228.6,114.3977635129161
4.74,218.06637326137303,14.902310013562142,-11.118640322424538,15.455974076835023,0.0456662571915667,140.1719091007571,1.0,342.7838765923195,330.61759698994854,15.728983886772621,330.46954278704095,112.55345137955193,0.8262818764622882,False,True,228.6,114.18387659231948
4.76,218.36219831142722,14.680323300656147,-11.080147966126715,15.23988770009664,0.04502796940494122,136.27594871526023,1.0,342.9331345368377,330.9390130232037,15.61595196146019,330.84219736544725,112.57902696476549,0.935250704860083,False,True,228.6,114.33313453683772
4.78,218.65359127906555,14.459099443977173,-11.042353258083129,15.024740866147896,0.04439245064819992,132.45162861172003,1.0,343.44553734647087,331.293771247832,15.72179748813759,331.35549078508546,112.64349457740605,1.2621345716982706,False,True,228.6,114.84553734647088
4.8,218.94056728241367,14.23862457627854,-11.005247663758848,14.810526505929351,0.04375968017470697,128.69810309004623,1.0,343.95794015610403,331.64852947246027,15.827643014814983,331.8687842047236,112.7079621900466,1.5890184385364439,False,True,228.6,115.35794015610404
4.82,219.22314116400526,14.018884998996503,-10.968822842323071,14.597238081826763,0.04312963880627439,125.0145460398269,1.0,343.7068388950151,331.9213923526723,15.4696025146362,331.89691172211747,112.70154006051894,1.4501778720976934,False,True,228.6,115.1068388950151
4.84,219.50132749404708,13.799867178486238,-10.933070642885612,14.384869607666712,0.042502308992296886,121.40015053083711,1.0,343.45573763392616,332.19425523288425,15.111562014457435,331.9250392395113,112.69511793099127,1.3113373056589492,False,True,228.6,114.85573763392617
4.86,219.77514057367335,13.581557742269505,-10.897983101162376,14.17341567057102,0.04187767487437843,117.85412841406598,1.0,343.26094188326556,332.4638980238325,14.787503691566503,332.1236987436639,112.69093360641452,1.2056016347510357,False,True,228.6,114.66094188326556
4.88,220.0445944381641,13.36394347530337,-10.863552436059415,13.962871454848532,0.0412557223569782,114.37570993328282,1.0,343.1224516430333,332.73032072551683,14.497427545963438,332.4928902345753,112.68898708678869,1.1329708593739651,False,True,228.6,114.52245164303329
4.9,220.30970286003839,13.147011316363468,-10.829771046487341,13.75323276822329,0.040636439184959364,110.96414334881736,1.0,342.983961402801,332.99674342720124,14.20735140036036,332.86208172548675,112.68704056716285,1.0603400839968913,False,True,228.6,114.38396140280102
4.92,220.57047935209903,12.930748354474753,-10.796631508164031,13.544496070504554,0.04001981502835257,107.61869457163365,1.0,342.4943386513137,333.2028557759531,13.675459868673148,332.99570204853967,112.63561379995966,0.7442207694031104,False,True,228.6,113.89433865131369
4.94,220.82693717040354,12.715141825404359,-10.764126570522379,13.336658504951224,0.039405841575080404,104.33864680795078,1.0,342.00471589982635,333.4089681247049,13.143568336985915,333.12932237159265,112.58418703275645,0.4281014548093154,False,True,228.6,113.40471589982636
4.96,221.07908931716264,12.500179108219452,-10.732249153723306,13.129717932576124,0.03879451263236805,101.12330021414907,1.0,341.65263178653106,333.62149295813083,12.698594278167429,333.3367925974328,112.54454696767313,0.23396428115912962,False,True,228.6,113.05263178653107
4.98,221.32694854357362,12.285847721900566,-10.700992345751,12.923672969649775,0.03818582423760758,97.97197156152956,1.0,341.43808631142787,333.84043027623085,12.340537692217653,333.6181127260602,112.51669360470967,0.1618092484525357,False,True,228.6,112.83808631142787
5.0,221.57052735258458,12.072135322013839,-10.67034939961375,12.718523028707917,0.03757977477957482,94.8839939107668,1.0,341.2235408363246,334.0593675943308,11.982481106267894,333.8994328546876,112.48884024174623,0.08965421574594501,False,True,228.6,112.62354083632462
5.0200000000000005,221.8098380015934,11.859029697437643,-10.640313730640184,12.514268363387881,0.03697636513095958,91.85871629572905,1.0,341.30452126193734,334.29837505983176,11.845714699207146,334.2581439184619,112.49172769188388,0.09382553616624353,False,True,228.6,112.70452126193734
5.04,222.0448925050818,11.646518767142323,-10.610878913875913,12.310910117458704,0.03637559879328747,88.89550341642078,1.0,341.38550168755006,334.53738252533265,11.708948292146406,334.6168549822362,112.49461514202154,0.09799685658654186,False,True,228.6,112.78550168755007
5.0600000000000005,222.27570263718542,11.434590577021101,-10.582038681577284,12.108450378447944,0.035777482055424095,85.99373534079386,1.0,341.4071223701734,334.7650220026352,11.526581238663754,334.86479176205387,112.49143295043467,0.09170813784507971,False,True,228.6,112.8071223701734
5.08,222.502279934201,11.223233296770145,-10.553786920799018,11.906892236311572,0.03518202416698065,83.15280721517355,1.0,341.36938330980746,334.9812934917392,11.298613538759204,335.00195425791486,112.48218111712328,0.07495937994185668,False,True,228.6,112.76938330980747
5.1000000000000005,222.72463569703143,11.01243521681601,-10.52611767106867,11.706239847642612,0.03458923752808573,80.37212898306281,1.0,341.3316442494415,335.1975649808433,11.070645838854643,335.13911675377585,112.47292928381188,0.05821062203863292,False,True,228.6,112.73164424944153
5.12,222.94278099357035,10.802184745288763,-10.499025122138551,11.506498505968084,0.03399913789714715,77.65112511208645,1.0,341.4200740444328,335.41905851049086,10.946767964242513,335.40993818604835,112.47942590908961,0.1441825428810566,False,True,228.6,112.8200740444328
5.14,223.15672666102608,10.592470405039396,-10.47250361180286,11.307674718744726,0.033411744618407874,74.98923432884706,1.0,341.5085038394241,335.64055204013835,10.822890089630384,335.6807596183208,112.48592253436735,0.2301544637234803,False,True,228.6,112.90850383942413
5.16,223.36648330818656,10.383280830700421,-10.44654762376221,11.109776291731748,0.032827080871300235,72.38590936147229,1.0,341.4790463218984,335.8406918446642,10.601578828375713,335.86189544653547,112.4762953087286,0.2189806447697953,False,True,228.6,112.87904632189841
5.18,223.5720613176261,10.17460476578889,-10.42115178551437,10.912812421494168,0.032245173943825256,69.84061668963568,1.0,341.33170149185577,336.0194779240683,10.282834180478513,335.9533456706922,112.45054423217334,0.110661086019994,False,True,228.6,112.73170149185577
5.2,223.77347084785436,9.966431059851487,-10.396310866244006,10.716793796874441,0.03166605553243237,67.3528363018398,1.0,341.18435666181307,336.19826400347245,9.9640895325813,336.044795894849,112.42479315561809,0.002341527270187882,False,True,228.6,112.58435666181308
5.22,223.97072183540882,9.75874866565213,-10.372019774678147,10.521732710363992,0.031089762071152636,64.92206145975695,1.0,341.22798929611895,336.3895431297862,9.811625201030992,336.33322914872423,112.4219317232162,0.05532745202066861,False,True,228.6,112.62798929611895
5.24,224.1638239968912,9.55154663640312,-10.348273556866799,10.3276431804104,0.03051633509304593,62.547798469425366,1.0,341.2716219304248,336.58082225609996,9.659160869480678,336.62166240259944,112.4190702908143,0.10831337677115169,False,True,228.6,112.67162193042483
5.26,224.35278683094919,9.344814123042134,-10.325067393839635,10.134541085812296,0.02994582162736654,60.22956645910665,1.0,341.2714124394969,336.7617708720538,9.466662813575217,336.8168848910744,112.41104678971371,0.12162197785493968,False,True,228.6,112.67141243949689
5.28,224.53761962020423,9.138540371557136,-10.302396599080044,9.942444313481367,0.02937827463622768,57.96689716359717,1.0,341.22736082333506,336.9323889776476,9.234131033314593,336.91889661414905,112.39786121991442,0.09525325527203374,False,True,228.6,112.62736082333507
5.3,224.71833143312625,8.932714720364851,-10.28025661574595,9.75137292099546,0.028813753494972907,55.75933471481441,1.0,341.18330920717324,337.1030070832414,9.00159925305398,337.0209083372238,112.38467565011513,0.06888453268912897,False,True,228.6,112.58330920717324
5.32,224.8949311258541,8.727326597750569,-10.258643013545196,9.561349315521658,0.0282523245209199,53.60643543844944,1.0,341.1725147950815,337.26609593643275,8.8022020311802,337.2108679414488,112.37424135869712,0.07455645148376111,False,True,228.6,112.5725147950815
5.34,225.0674273439705,8.522365519369206,-10.237551485194283,9.372398450862867,0.02769406155565829,51.50776765649487,1.0,341.1617203829897,337.4291847896241,8.602804809306427,337.40082754567385,112.36380706727911,0.08022837027839301,False,True,228.6,112.5617203829897
5.36,225.23582852423658,8.317821085806862,-10.216977842357966,9.184548044572736,0.027139046606648513,49.462911495469925,1.0,341.28625964904603,337.6124617569138,8.536048581387018,337.6347671821622,112.3786746243858,0.21802689314551538,False,True,228.6,112.68625964904604
5.38,225.40014289623844,8.113682980291403,-10.19691801073873,8.99782881728083,0.02658737055445095,47.47145870005168,1.0,341.54613259325043,337.8159268383017,8.601933347421989,337.9126868509139,112.41884403001714,0.4879520200851277,False,True,228.6,112.94613259325044
5.4,225.56037848404117,7.909940966432211,-10.17736802451795,8.812274756610556,0.026039133932625604,45.53301245199792,1.0,341.8060055374549,338.01939191968967,8.667818113456963,338.1906065196656,112.4590134356485,0.7578771470247521,False,True,228.6,113.2060055374549
5.42,225.7165431077687,7.706584886124245,-10.158324019632861,8.627923408297471,0.025494447788007815,43.64718719406455,1.0,341.79395627842285,338.1753695678662,8.46781799329176,338.1941246104915,112.46187303963099,0.7609524703851669,False,True,228.6,113.19395627842286
5.44,225.8686443851479,7.503604657593634,-10.139782225799927,8.444816197376191,0.024953434629835482,41.81360845866756,1.0,341.7819070193908,338.3313472160427,8.26781787312655,338.1976427013174,112.46473264361347,0.7640277937455817,False,True,228.6,113.18190701939082
5.46,226.01668973301952,7.300990273610392,-10.121738957020636,8.26299878257257,0.02441622947699657,40.03191270103394,1.0,341.99772286164335,338.523120786841,8.295434112511085,338.41753503707844,112.50845364882306,0.9942683516381987,False,True,228.6,113.39772286164336
5.48,226.1606863688114,7.098731799915335,-10.104190600230762,8.082521447306545,0.023882981013459714,38.301747136511146,1.0,342.4414038051806,338.75069028026104,8.550666711445372,338.85380161777465,112.59303605525976,1.451674144063038,False,True,228.6,113.84140380518059
5.5,226.3006413119847,6.8968193738917885,-10.08713360175863,7.903439530986371,0.023353852862764365,36.62276958170153,1.0,342.88508474871776,338.97825977368115,8.805899310379646,339.29006819847086,112.67761846169645,1.9090799364878572,False,True,228.6,114.28508474871776
5.5200000000000005,226.43656138545583,6.69524320353486,-10.070564451163222,7.725813904532385,0.022829024993207422,34.99464829902162,1.0,342.94868079945394,339.14755863068746,8.683354924976289,339.2302547208799,112.71401761941,1.9878680288834643,False,True,228.6,114.34868079945394
5.54,226.56845321700115,6.4939935667738995,-10.054479661971362,7.549711494299582,0.0223086952660465,33.417061844234375,1.0,343.0122768501901,339.3168574876938,8.560810539572937,339.1704412432889,112.75041677712355,2.0666561212790677,False,True,228.6,114.41227685019012
5.5600000000000005,226.69632324065253,6.293060811215652,-10.038875748752194,7.375205858747567,0.021793081139569438,31.88969891643291,1.0,342.9930214420718,339.4657025338946,8.357960467698033,339.21970034923356,112.77138555770952,2.0647483872668793,False,True,228.6,114.39302144207178
5.58,226.82017769809232,6.0924353543881,-10.023749199879141,7.202377822302935,0.02128242154216511,30.4122582098673,1.0,342.89091457509903,339.59409376928994,8.07480470935159,339.37803203871385,112.7769239611679,1.982144826846892,False,True,228.6,114.29091457509904
5.6000000000000005,226.94002264005894,5.892107684578231,-10.009096445232103,7.031316170831492,0.02077697892744842,28.98444826690469,1.0,342.7888077081263,339.7224850046852,7.791648951005132,339.53636372819415,112.78246236462627,1.8995412664269011,False,True,228.6,114.18880770812629
5.62,227.0558639277766,5.6920683623734245,-9.994913817980752,6.8621184129294175,0.020277041523877184,27.605987331290876,1.0,342.7797141504613,339.8538578756578,7.606232636552422,339.7474821273118,112.80099174495552,1.9139561991336516,False,True,228.6,114.17971415046131
5.64,227.1677072344229,5.492308023034428,-9.98119750946699,6.694891610780066,0.019782925789931766,26.276603200736748,1.0,342.7706205927963,339.9852307466304,7.4208163220997125,339.9586005264294,112.81952112528478,1.9283711318404018,False,True,228.6,114.17062059279633
5.66,227.27555804665474,5.29281737984892,-9.967943516068901,6.52975328351019,0.019294979083526294,24.996033077681663,1.0,342.8018847004424,340.1221652402025,7.279107671430374,340.1310166877753,112.8485995045443,1.9861623273631408,False,True,228.6,114.20188470044238
5.68,227.37942166621144,5.093587228638389,-9.955147576781933,6.366832384692944,0.018813582550518734,23.764023416882832,1.0,342.8735064733995,340.264661356374,7.181106684544425,340.2647306113493,112.88822688273409,2.0873297857018676,False,True,228.6,114.27350647339952
5.7,227.47930321162164,4.894608453617873,-9.942805100097118,6.206270353729202,0.018339154231525708,22.580329768243438,1.0,342.94512824635666,340.4071574725455,7.083105697658471,340.3984445349233,112.92785426092388,2.1884972440405983,False,True,228.6,114.34512824635667
5.72,227.57520762004282,4.695872034838205,-9.93091107859525,6.048222238100076,0.017872152378155096,21.444716613017146,1.0,342.6917244566046,340.4722504239041,6.594192525767171,340.30343682647015,112.90002151293673,1.898146511617362,False,True,228.6,114.09172445660462
5.74,227.66713964926754,4.497369057473592,-9.919459989516117,5.892857879686003,0.01741307895854764,20.356957191207403,1.0,342.4383206668526,340.53734337526265,6.105279353875849,340.208429118017,112.87218876494958,1.6077957791941129,False,True,228.6,113.83832066685258
5.76,227.75510387993637,4.299090723253991,-9.908445679412585,5.740363153212887,0.016962483316944988,19.316833317615814,1.0,342.23219717856324,340.60060690253437,5.657174090957745,340.2242639799007,112.84748365504359,1.3579775149399615,False,True,228.6,113.63219717856325
5.78,227.8391047180038,4.101028364379573,-9.897861230874465,5.590941238092522,0.0165209659319274,18.324135183572174,1.0,342.07335399173667,340.66204100571923,5.249876737012821,340.3509414121212,112.82590618321875,1.1486917188548857,False,True,228.6,113.47335399173667
5.8,227.9191463975102,3.9031734602980945,-9.887698809226576,5.444813896129226,0.016089182191973788,17.378661140921142,1.0,341.91451080491004,340.7234751089041,4.842579383067914,340.4776188443417,112.80432871139391,0.9394059227698195,False,True,228.6,113.31451080491004
5.82,227.9952329837414,3.705517657922776,-9.877949487104438,5.30222271641583,0.015667846074052128,16.480217464335155,1.0,341.70900247201325,340.74141933820965,4.315852163058349,340.49873212896944,112.74914927953147,0.6101922971022943,False,True,228.6,113.10900247201326
5.84,228.06736837679102,3.5080527952880027,-9.86860304486251,5.163430274902279,0.015257733570050879,15.628618087276166,1.0,341.5034941391164,340.7593635675152,3.789124943048807,340.5198454135972,112.69396984766904,0.2809786714347837,False,True,228.6,112.90349413911642
5.86,228.1355563155281,3.3107709286127136,-9.859647745022073,5.028721139549189,0.01485968565689489,14.82368430686089,1.0,341.37607148897405,340.7904677558981,3.3801034442437072,340.5796671031225,112.65688251364817,0.11694825130105677,False,True,228.6,112.77607148897405
5.88,228.1998003825787,3.1136643674897475,-9.851070079688482,4.898402632435489,0.014474610548438745,14.065244451670223,1.0,341.3267345215861,340.8347319033583,3.0887876666430967,340.6781971975455,112.63788727746888,0.1181010367011426,False,True,228.6,112.72673452158611
5.9,228.26010400952896,2.9167257111437017,-9.842854489856398,4.772805238337674,0.01410348490265877,13.353133505742168,1.0,341.27739755419816,340.87899605081856,2.7974718890424732,340.7767272919684,112.6188920412896,0.11925382210122848,False,True,228.6,112.67739755419817
5.92,228.31647048320394,2.7199478929847722,-9.834983057476162,4.652282526371034,0.013747353589915115,12.687192682586689,1.0,341.236113676049,340.90791202546603,2.5152595369046664,340.8259932241864,112.59439166585604,0.20480318583213952,False,True,228.6,112.636113676049
5.94,228.36890295286997,2.5233242312516757,-9.827435172012677,4.537210428482482,0.013407327560679128,12.067268941142004,1.0,341.19482979789984,340.9368280001135,2.233047184766847,340.8752591564043,112.56989129042248,0.29035254956305434,False,True,228.6,112.59482979789985
5.96,228.41740443846572,2.3268484861670693,-9.820187175350075,4.42798569977953,0.01308457929555249,11.493214436437317,1.0,341.1843778570198,340.97405063905063,2.028024060280762,340.94036120728356,112.55860954149465,0.2988942103639925,False,True,228.6,112.5843778570198
5.98,228.46197784009297,2.130514924718425,-9.813211991374443,4.3250233743133,0.012780335286816703,10.964885896601567,1.0,341.20475785340886,341.01957994227735,1.9001901634463922,341.0212993768241,112.56054641907255,0.2304281682349548,False,True,228.6,112.60475785340887
6.0,228.50262594885368,1.9343183927179481,-9.80647874943076,4.228753032345204,0.012495865007879204,10.482143919091193,1.0,341.225137849798,341.0651092455041,1.772356266612028,341.1022375463647,112.56248329665044,0.1619621261059201,False,True,228.6,112.625137849798
6.0200000000000005,228.53935145921162,1.7382543944345081,-9.799952414229816,4.139613717252832,0.012232465892365962,10.044852179016452,1.0,341.2525813801112,341.10808216512044,1.6803606651173653,341.14446678875396,112.5716703768337,0.1363646127075837,False,True,228.6,112.65258138011123
6.04,228.5721569830186,1.5423191794168227,-9.793593438287179,4.058047389400888,0.011991443989910752,9.65287654407641,1.0,341.2800249104244,341.1510550847367,1.5883650636227062,341.18669603114324,112.58085745701695,0.11076709930924845,False,True,228.6,112.68002491042441
6.0600000000000005,228.60104506534316,1.3465098358748187,-9.78735745636794,3.984490885862312,0.011774090206701764,9.306084092456924,1.0,341.28627943450914,341.1790190572018,1.434913016939786,341.193734214125,112.57993084716279,0.08834149937987835,False,True,228.6,112.68627943450915
6.08,228.626018202225,1.1508243895788393,-9.781195044178633,3.919366471243312,0.011581652382718603,9.00434203265372,1.0,341.2713449523653,341.1919740825156,1.220004525068612,341.1655813376992,112.56889054727121,0.06908781291947567,False,True,228.6,112.67134495236533
6.1000000000000005,228.64707886044982,0.9552619067383564,-9.775051565095467,3.863071212633405,0.011415303894249064,8.747516527618668,1.0,341.2564104702215,341.20492910782946,1.0050960331974286,341.13742846127343,112.55785024737963,0.04983412645907215,False,True,228.6,112.65641047022152
6.12,228.6642294994051,0.7598225988715134,-9.7688671284146,3.8159655793918907,0.011276109965803496,8.53547142956307,1.0,341.1729174002226,341.14202858278736,0.44334609362672484,340.943882651345,112.48072942702916,0.37637126350058525,False,True,228.6,112.57291740022262
6.140000000000001,228.67747259503392,0.5645079272168968,-9.76257667987826,3.7783618356954456,0.011164993369663083,8.368066936204892,1.0,341.0894243302237,341.0791280577453,-0.11840384594400377,340.7503368414165,112.40360860667867,0.7029084005421128,False,True,228.6,112.48942433022373
